Category,Region,Identifier,Description,Value unit / format,Native periodicity,Source response format,Max history available,Recommended storage horizon,Institution / endpoint,Status,Notes / quirks,In database,Stored periodicity,Stored from,Stored to,Stored observations,Freshness,Open data-quality flags,Synced
Equity index,US,equity.US.sp500,S&P 500 — daily close level,index points (local currency),daily (trading days),"yfinance object (internal, not raw CSV/JSON)",yf.Ticker(...).history(period='max') — effectively full listed history,full (cheap; yfinance 'max' costs nothing extra over a shorter pull),"Yahoo Finance, ticker ^GSPC",ok,Latest bar can carry a NaN close while a session is open (seen on ^GDAXI/^SSMI/^HSI/^N225) — must dropna before storage.,yes,weekly,1927-12-30,2026-09-25,"5,153","fresh (1d old, limit 14d)",—,2026-09-26
Equity index,US,equity.US.nasdaq100,Nasdaq 100 — daily close level,index points (local currency),daily (trading days),"yfinance object (internal, not raw CSV/JSON)",yf.Ticker(...).history(period='max') — effectively full listed history,full (cheap; yfinance 'max' costs nothing extra over a shorter pull),"Yahoo Finance, ticker ^NDX",ok,Latest bar can carry a NaN close while a session is open (seen on ^GDAXI/^SSMI/^HSI/^N225) — must dropna before storage.,yes,weekly,1985-10-04,2026-09-25,"2,140","fresh (1d old, limit 14d)",—,2026-09-26
Equity index,US,equity.US.russell2000,Russell 2000 — daily close level,index points (local currency),daily (trading days),"yfinance object (internal, not raw CSV/JSON)",yf.Ticker(...).history(period='max') — effectively full listed history,full (cheap; yfinance 'max' costs nothing extra over a shorter pull),"Yahoo Finance, ticker ^RUT",ok,Latest bar can carry a NaN close while a session is open (seen on ^GDAXI/^SSMI/^HSI/^N225) — must dropna before storage.,yes,weekly,1987-09-11,2026-09-25,"2,039","fresh (1d old, limit 14d)",—,2026-09-26
Equity index,UK,equity.UK.ftse100,FTSE 100 — daily close level,index points (local currency),daily (trading days),"yfinance object (internal, not raw CSV/JSON)",yf.Ticker(...).history(period='max') — effectively full listed history,full (cheap; yfinance 'max' costs nothing extra over a shorter pull),"Yahoo Finance, ticker ^FTSE",ok,Latest bar can carry a NaN close while a session is open (seen on ^GDAXI/^SSMI/^HSI/^N225) — must dropna before storage.,yes,weekly,1984-01-06,2026-09-25,"2,231","fresh (1d old, limit 14d)",—,2026-09-26
Equity index,EZ,equity.EZ.stoxx600,STOXX Europe 600 — daily close level,index points (local currency),daily (trading days),"yfinance object (internal, not raw CSV/JSON)",yf.Ticker(...).history(period='max') — effectively full listed history,full (cheap; yfinance 'max' costs nothing extra over a shorter pull),"Yahoo Finance, ticker ^STOXX",ok,Latest bar can carry a NaN close while a session is open (seen on ^GDAXI/^SSMI/^HSI/^N225) — must dropna before storage.,yes,weekly,2004-04-30,2026-09-25,"1,171","fresh (1d old, limit 14d)",—,2026-09-26
Equity index,DE,equity.DE.dax,DAX — daily close level,index points (local currency),daily (trading days),"yfinance object (internal, not raw CSV/JSON)",yf.Ticker(...).history(period='max') — effectively full listed history,full (cheap; yfinance 'max' costs nothing extra over a shorter pull),"Yahoo Finance, ticker ^GDAXI",ok,Latest bar can carry a NaN close while a session is open (seen on ^GDAXI/^SSMI/^HSI/^N225) — must dropna before storage.,yes,weekly,1987-12-30,2026-09-25,"2,023","fresh (1d old, limit 14d)",—,2026-09-26
Equity index,CH,equity.CH.smi,SMI — daily close level,index points (local currency),daily (trading days),"yfinance object (internal, not raw CSV/JSON)",yf.Ticker(...).history(period='max') — effectively full listed history,full (cheap; yfinance 'max' costs nothing extra over a shorter pull),"Yahoo Finance, ticker ^SSMI",ok,Latest bar can carry a NaN close while a session is open (seen on ^GDAXI/^SSMI/^HSI/^N225) — must dropna before storage.,yes,weekly,1990-11-09,2026-09-25,"1,874","fresh (1d old, limit 14d)",—,2026-09-26
Equity index,CN,equity.CN.csi300,CSI 300 (proxy: 510300.SS mainland-listed CNY ETF — Yahoo serves the index itself with only 1-5d history) — daily close level,index points (local currency),daily (trading days),"yfinance object (internal, not raw CSV/JSON)",yf.Ticker(...).history(period='max') — effectively full listed history,full (cheap; yfinance 'max' costs nothing extra over a shorter pull),"Yahoo Finance, ticker 510300.SS",ok,Latest bar can carry a NaN close while a session is open (seen on ^GDAXI/^SSMI/^HSI/^N225) — must dropna before storage.,yes,weekly,2012-05-04,2026-09-24,742,"fresh (2d old, limit 14d)",—,2026-09-26
Equity index,CN,equity.CN.hangseng,Hang Seng — daily close level,index points (local currency),daily (trading days),"yfinance object (internal, not raw CSV/JSON)",yf.Ticker(...).history(period='max') — effectively full listed history,full (cheap; yfinance 'max' costs nothing extra over a shorter pull),"Yahoo Finance, ticker ^HSI",ok,Latest bar can carry a NaN close while a session is open (seen on ^GDAXI/^SSMI/^HSI/^N225) — must dropna before storage.,yes,weekly,1987-01-02,2026-09-25,"2,075","fresh (1d old, limit 14d)",—,2026-09-26
Equity index,JP,equity.JP.nikkei225,Nikkei 225 — daily close level,index points (local currency),daily (trading days),"yfinance object (internal, not raw CSV/JSON)",yf.Ticker(...).history(period='max') — effectively full listed history,full (cheap; yfinance 'max' costs nothing extra over a shorter pull),"Yahoo Finance, ticker ^N225",ok,Latest bar can carry a NaN close while a session is open (seen on ^GDAXI/^SSMI/^HSI/^N225) — must dropna before storage.,yes,weekly,1965-01-08,2026-09-25,"3,219","fresh (1d old, limit 14d)",—,2026-09-26
Equity index,NO,equity.NO.osebx,OSEBX (Oslo Børs) — daily close level,index points (local currency),daily (trading days),"yfinance object (internal, not raw CSV/JSON)",yf.Ticker(...).history(period='max') — effectively full listed history,full (cheap; yfinance 'max' costs nothing extra over a shorter pull),"Yahoo Finance, ticker OSEBX.OL",ok,Latest bar can carry a NaN close while a session is open (seen on ^GDAXI/^SSMI/^HSI/^N225) — must dropna before storage.,yes,weekly,2013-03-08,2026-09-25,709,"fresh (1d old, limit 14d)",—,2026-09-26
Equity index,EM,equity.EM.msci_em,MSCI EM (proxy: EEM ETF) — daily close level,index points (local currency),daily (trading days),"yfinance object (internal, not raw CSV/JSON)",yf.Ticker(...).history(period='max') — effectively full listed history,full (cheap; yfinance 'max' costs nothing extra over a shorter pull),"Yahoo Finance, ticker EEM",ok,Latest bar can carry a NaN close while a session is open (seen on ^GDAXI/^SSMI/^HSI/^N225) — must dropna before storage.,yes,weekly,2003-04-17,2026-09-25,"1,225","fresh (1d old, limit 14d)",—,2026-09-26
Volatility index,US,vol.US.vix,VIX — CBOE volatility index,index points,daily,yfinance object,full,full,"Yahoo Finance, ^VIX",ok,,yes,weekly,1990-01-05,2026-09-25,"1,918","fresh (1d old, limit 14d)",—,2026-09-26
Volatility index,EZ,vol.EZ.vstoxx,VSTOXX — Eurozone volatility index,index points,daily,—,,,none found,no source found,No confirmed free daily source located. Left blank rather than guessed.,no,—,—,—,—,—,—,2026-09-26
Currency,—,fx.dxy,US Dollar Index (DXY) — daily close,"exchange rate (levels, not %)",daily,yfinance object,full,full,"Yahoo Finance, DX-Y.NYB",ok,,yes,weekly,1971-01-08,2026-09-25,"2,909","fresh (1d old, limit 14d)",—,2026-09-26
Currency,—,fx.eurusd,EUR/USD — daily close,"exchange rate (levels, not %)",daily,yfinance object,full,full,"Yahoo Finance, EURUSD=X",ok,,yes,weekly,2003-12-05,2026-09-25,"1,189","fresh (1d old, limit 14d)",—,2026-09-26
Currency,—,fx.gbpusd,GBP/USD — daily close,"exchange rate (levels, not %)",daily,yfinance object,full,full,"Yahoo Finance, GBPUSD=X",ok,,yes,weekly,2003-12-05,2026-09-25,"1,191","fresh (1d old, limit 14d)",—,2026-09-26
Currency,—,fx.usdjpy,USD/JPY — daily close,"exchange rate (levels, not %)",daily,yfinance object,full,full,"Yahoo Finance, USDJPY=X",ok,,yes,weekly,1996-11-01,2026-09-25,"1,559","fresh (1d old, limit 14d)",—,2026-09-26
Currency,—,fx.usdchf,USD/CHF — daily close,"exchange rate (levels, not %)",daily,yfinance object,full,full,"Yahoo Finance, USDCHF=X",ok,,yes,weekly,2003-09-19,2026-09-25,"1,202","fresh (1d old, limit 14d)",—,2026-09-26
Currency,—,fx.eurchf,EUR/CHF — daily close,"exchange rate (levels, not %)",daily,yfinance object,full,full,"Yahoo Finance, EURCHF=X",ok,,yes,weekly,2003-01-24,2026-09-25,"1,233","fresh (1d old, limit 14d)",—,2026-09-26
Currency,—,fx.usdcny,USD/CNY — daily close,"exchange rate (levels, not %)",daily,yfinance object,full,full,"Yahoo Finance, USDCNY=X",ok,,yes,weekly,2001-06-26,2026-09-25,"1,288","fresh (1d old, limit 14d)",—,2026-09-26
Currency,—,fx.eurnok,EUR/NOK — daily close,"exchange rate (levels, not %)",daily,yfinance object,full,full,"Yahoo Finance, EURNOK=X",ok,,yes,weekly,2000-03-17,2026-09-25,"1,382","fresh (1d old, limit 14d)",—,2026-09-26
Commodity,Global,commodity.brent,"Brent Crude (ICE, front month)",USD/bbl,daily,yfinance object,full,full,"Yahoo Finance, BZ=F",ok,,yes,weekly,2007-08-03,2026-09-25,"1,000","fresh (1d old, limit 14d)",—,2026-09-26
Commodity,Global,commodity.natgas_hh,"Natural Gas — Henry Hub (US) (NYMEX, front month)",USD/MMBtu,daily,yfinance object,full,full,"Yahoo Finance, NG=F",ok,,yes,weekly,2000-09-01,2026-09-25,"1,362","fresh (1d old, limit 14d)",—,2026-09-26
Commodity,Global,commodity.natgas_ttf,"Natural Gas — TTF (Europe) (ICE, front month)",EUR/MWh,daily,yfinance object,full,full,"Yahoo Finance, TTF=F",ok,,yes,weekly,2017-10-27,2026-09-25,467,"fresh (1d old, limit 14d)",—,2026-09-26
Commodity,Global,commodity.gold,"Gold (COMEX, front month)",USD/troy oz,daily,yfinance object,full,full,"Yahoo Finance, GC=F",ok,,yes,weekly,2000-09-01,2026-09-25,"1,362","fresh (1d old, limit 14d)",—,2026-09-26
Commodity,Global,commodity.silver,"Silver (COMEX, front month)",USD/troy oz,daily,yfinance object,full,full,"Yahoo Finance, SI=F",ok,,yes,weekly,2000-09-01,2026-09-25,"1,362","fresh (1d old, limit 14d)",—,2026-09-26
Commodity,Global,commodity.copper,"Copper (COMEX, front month)",USD/lb,daily,yfinance object,full,full,"Yahoo Finance, HG=F",ok,,yes,weekly,2000-09-01,2026-09-25,"1,362","fresh (1d old, limit 14d)",—,2026-09-26
Commodity,Global,commodity.bcom,Broad commodities (proxy: DBC ETF — no free broad index found) (NYSE Arca),USD,daily,yfinance object,full,full,"Yahoo Finance, DBC",ok,,yes,weekly,2006-02-10,2026-09-25,"1,078","fresh (1d old, limit 14d)",—,2026-09-26
Policy rate,US,policy_rate.US,Federal Reserve — Fed Funds,%,irregular (changes on central bank decision dates),CSV,~25y (startPeriod widened 2026-08-28; unbounded JP alone is 57MB),25y (matches BIS pull already in place),"BIS Data Portal, WS_CBPOL/1.0/D.US?format=csv",ok,,yes,irregular,2001-08-31,2026-09-22,"1,313","fresh (4d old, limit 150d)",—,2026-09-26
Policy rate,UK,policy_rate.UK,Bank of England — Bank Rate,%,irregular (changes on central bank decision dates),CSV,~25y (startPeriod widened 2026-08-28; unbounded JP alone is 57MB),25y (matches BIS pull already in place),"BIS Data Portal, WS_CBPOL/1.0/D.GB?format=csv",ok,,yes,irregular,2001-08-31,2026-09-21,"1,312","fresh (5d old, limit 150d)",—,2026-09-26
Policy rate,EZ,policy_rate.EZ,European Central Bank — Deposit Rate,%,irregular (changes on central bank decision dates),CSV,~25y (startPeriod widened 2026-08-28; unbounded JP alone is 57MB),25y (matches BIS pull already in place),"BIS Data Portal, WS_CBPOL/1.0/D.XM?format=csv",ok,"Decided 2026-08-28: no separate Germany row. Germany does not set its own policy rate — it IS this ECB rate, so a DE row would only ever be a duplicate value to keep in sync.",yes,irregular,2001-08-31,2026-09-22,"1,313","fresh (4d old, limit 150d)",—,2026-09-26
Policy rate,CH,policy_rate.CH,Swiss National Bank — Policy Rate,%,irregular (changes on central bank decision dates),CSV,~25y (startPeriod widened 2026-08-28; unbounded JP alone is 57MB),25y (matches BIS pull already in place),"BIS Data Portal, WS_CBPOL/1.0/D.CH?format=csv",ok,,yes,irregular,2001-08-31,2026-09-22,"1,313","fresh (4d old, limit 150d)",—,2026-09-26
Policy rate,CN,policy_rate.CN,People's Bank of China,%,irregular (changes on central bank decision dates),CSV,~25y (startPeriod widened 2026-08-28; unbounded JP alone is 57MB),25y (matches BIS pull already in place),"BIS Data Portal, WS_CBPOL/1.0/D.CN?format=csv",ok,,yes,irregular,2001-08-31,2026-09-19,"1,309","fresh (7d old, limit 150d)",—,2026-09-26
Policy rate,JP,policy_rate.JP,Bank of Japan,%,irregular (changes on central bank decision dates),CSV,~25y (startPeriod widened 2026-08-28; unbounded JP alone is 57MB),25y (matches BIS pull already in place),"BIS Data Portal, WS_CBPOL/1.0/D.JP?format=csv",ok,,yes,irregular,2006-03-10,2026-09-22,897,"fresh (4d old, limit 150d)",—,2026-09-26
Policy rate,NO,policy_rate.NO,Norges Bank — Key Policy Rate,%,irregular (changes on central bank decision dates),CSV,~25y (startPeriod widened 2026-08-28; unbounded JP alone is 57MB),25y (matches BIS pull already in place),"BIS Data Portal, WS_CBPOL/1.0/D.NO?format=csv",ok,Consolidated 2026-08-28: confirmed live at D.NO on the same BIS CBPOL endpoint already used for every other region — dropped the separate Norges Bank policy-rate fetch (Norway's YIELD CURVE still needs Norges Bank directly; only the policy rate moved).,yes,irregular,2001-08-31,2026-09-16,"1,311","fresh (10d old, limit 150d)",—,2026-09-26
Yield curve (nominal),US,curve.US.2Y,"US govt yield, 2Y",%,daily,"CSV (observation_date,<ID>; '.' = missing)",full (US 10y confirmed back to 1962),full,"FRED, fredgraph.csv?id=DGS2",ok,FRED requires a tool-shaped User-Agent (python-requests/curl) — a browser-style UA silently hangs behind Akamai until read-timeout.,yes,weekly,1976-06-04,2026-09-24,"2,630","fresh (2d old, limit 14d)",—,2026-09-26
Yield curve (nominal),US,curve.US.5Y,"US govt yield, 5Y",%,daily,"CSV (observation_date,<ID>; '.' = missing)",full (US 10y confirmed back to 1962),full,"FRED, fredgraph.csv?id=DGS5",ok,FRED requires a tool-shaped User-Agent (python-requests/curl) — a browser-style UA silently hangs behind Akamai until read-timeout.,yes,weekly,1962-01-05,2026-09-24,"3,382","fresh (2d old, limit 14d)",—,2026-09-26
Yield curve (nominal),US,curve.US.10Y,"US govt yield, 10Y",%,daily,"CSV (observation_date,<ID>; '.' = missing)",full (US 10y confirmed back to 1962),full,"FRED, fredgraph.csv?id=DGS10",ok,FRED requires a tool-shaped User-Agent (python-requests/curl) — a browser-style UA silently hangs behind Akamai until read-timeout.,yes,weekly,1962-01-05,2026-09-24,"3,382","fresh (2d old, limit 14d)",—,2026-09-26
Yield curve (nominal),US,curve.US.30Y,"US govt yield, 30Y",%,daily,"CSV (observation_date,<ID>; '.' = missing)",full (US 10y confirmed back to 1962),full,"FRED, fredgraph.csv?id=DGS30",ok,FRED requires a tool-shaped User-Agent (python-requests/curl) — a browser-style UA silently hangs behind Akamai until read-timeout.,yes,weekly,1977-02-18,2026-09-24,"2,593","fresh (2d old, limit 14d)",—,2026-09-26
Yield curve (nominal),UK,curve.UK.2Y,"UK govt yield, 2Y",%,daily,xlsx (zipped),"full, via one-time backfill from glcnominalddata.zip (~39MB, nominal only) — not re-pulled on the daily run","full (one-time backfill), then daily incremental: only the small current-snapshot workbook is fetched afterward","BoE GLC nominal workbook (latest-yield-curve-data.zip, sheet '4. spot curve' + '3. spot, short end' for 2y)",ok,"Requires a browser-style User-Agent. Decided 2026-08-28: pull the big archive once to seed history, then only the daily snapshot file after that — resolves the earlier no-percentile-context gap without a recurring 39MB daily cost.",yes,weekly,1979-01-05,2026-09-24,"2,494","fresh (2d old, limit 14d)",—,2026-09-26
Yield curve (nominal),UK,curve.UK.5Y,"UK govt yield, 5Y",%,daily,xlsx (zipped),"full, via one-time backfill from glcnominalddata.zip (~39MB, nominal only) — not re-pulled on the daily run","full (one-time backfill), then daily incremental: only the small current-snapshot workbook is fetched afterward","BoE GLC nominal workbook (latest-yield-curve-data.zip, sheet '4. spot curve' + '3. spot, short end' for 2y)",ok,"Requires a browser-style User-Agent. Decided 2026-08-28: pull the big archive once to seed history, then only the daily snapshot file after that — resolves the earlier no-percentile-context gap without a recurring 39MB daily cost.",yes,weekly,1979-01-05,2026-09-24,"2,494","fresh (2d old, limit 14d)",—,2026-09-26
Yield curve (nominal),UK,curve.UK.10Y,"UK govt yield, 10Y",%,daily,xlsx (zipped),"full, via one-time backfill from glcnominalddata.zip (~39MB, nominal only) — not re-pulled on the daily run","full (one-time backfill), then daily incremental: only the small current-snapshot workbook is fetched afterward","BoE GLC nominal workbook (latest-yield-curve-data.zip, sheet '4. spot curve' + '3. spot, short end' for 2y)",ok,"Requires a browser-style User-Agent. Decided 2026-08-28: pull the big archive once to seed history, then only the daily snapshot file after that — resolves the earlier no-percentile-context gap without a recurring 39MB daily cost.",yes,weekly,1979-01-05,2026-09-24,"2,494","fresh (2d old, limit 14d)",—,2026-09-26
Yield curve (nominal),UK,curve.UK.30Y,"UK govt yield, 30Y",%,daily,xlsx (zipped),"full, via one-time backfill from glcnominalddata.zip (~39MB, nominal only) — not re-pulled on the daily run","full (one-time backfill), then daily incremental: only the small current-snapshot workbook is fetched afterward","BoE GLC nominal workbook (latest-yield-curve-data.zip, sheet '4. spot curve' + '3. spot, short end' for 2y)",ok,"Requires a browser-style User-Agent. Decided 2026-08-28: pull the big archive once to seed history, then only the daily snapshot file after that — resolves the earlier no-percentile-context gap without a recurring 39MB daily cost.",yes,weekly,2016-01-08,2026-09-24,563,"fresh (2d old, limit 14d)",—,2026-09-26
Yield curve (nominal),EZ,curve.EZ.2Y,"EZ govt yield, 2Y",%,daily,CSV (csvdata),~15y (startPeriod widened 2026-08-28; full history ~3MB per tenor),15y,"ECB Data Portal, YC/B.U2.EUR.4F.G_N_C.SV_C_YM.SR_2Y (all-bonds euro area curve)",ok,"G_N_C = all-bonds blend, deliberately not G_N_A (AAA-only, which tracks the Bund so closely it duplicates Germany's row).",yes,weekly,2011-09-02,2026-09-24,791,"fresh (2d old, limit 14d)",—,2026-09-26
Yield curve (nominal),EZ,curve.EZ.5Y,"EZ govt yield, 5Y",%,daily,CSV (csvdata),~15y (startPeriod widened 2026-08-28; full history ~3MB per tenor),15y,"ECB Data Portal, YC/B.U2.EUR.4F.G_N_C.SV_C_YM.SR_5Y (all-bonds euro area curve)",ok,"G_N_C = all-bonds blend, deliberately not G_N_A (AAA-only, which tracks the Bund so closely it duplicates Germany's row).",yes,weekly,2011-09-02,2026-09-24,791,"fresh (2d old, limit 14d)",—,2026-09-26
Yield curve (nominal),EZ,curve.EZ.10Y,"EZ govt yield, 10Y",%,daily,CSV (csvdata),~15y (startPeriod widened 2026-08-28; full history ~3MB per tenor),15y,"ECB Data Portal, YC/B.U2.EUR.4F.G_N_C.SV_C_YM.SR_10Y (all-bonds euro area curve)",ok,"G_N_C = all-bonds blend, deliberately not G_N_A (AAA-only, which tracks the Bund so closely it duplicates Germany's row).",yes,weekly,2011-09-02,2026-09-24,791,"fresh (2d old, limit 14d)",—,2026-09-26
Yield curve (nominal),EZ,curve.EZ.30Y,"EZ govt yield, 30Y",%,daily,CSV (csvdata),~15y (startPeriod widened 2026-08-28; full history ~3MB per tenor),15y,"ECB Data Portal, YC/B.U2.EUR.4F.G_N_C.SV_C_YM.SR_30Y (all-bonds euro area curve)",ok,"G_N_C = all-bonds blend, deliberately not G_N_A (AAA-only, which tracks the Bund so closely it duplicates Germany's row).",yes,weekly,2011-09-02,2026-09-24,791,"fresh (2d old, limit 14d)",—,2026-09-26
Yield curve (nominal),DE,curve.DE.2Y,"DE govt yield, 2Y",%,daily,"CSV (~9-line metadata preamble, then date,value,flag; '.' = missing)",not measured this pass — treat as a follow-up check,"confirm depth, then match EZ's 15y","Deutsche Bundesbank, api.statistiken.bundesbank.de, BBSIS key with R02XX tenor segment",ok,"Single-issuer Bund curve — the literal benchmark, distinct from the EZ blended row.",yes,weekly,1997-08-08,2026-09-25,"1,521","fresh (1d old, limit 14d)",—,2026-09-26
Yield curve (nominal),DE,curve.DE.5Y,"DE govt yield, 5Y",%,daily,"CSV (~9-line metadata preamble, then date,value,flag; '.' = missing)",not measured this pass — treat as a follow-up check,"confirm depth, then match EZ's 15y","Deutsche Bundesbank, api.statistiken.bundesbank.de, BBSIS key with R05XX tenor segment",ok,"Single-issuer Bund curve — the literal benchmark, distinct from the EZ blended row.",yes,weekly,1997-08-08,2026-09-25,"1,521","fresh (1d old, limit 14d)",—,2026-09-26
Yield curve (nominal),DE,curve.DE.10Y,"DE govt yield, 10Y",%,daily,"CSV (~9-line metadata preamble, then date,value,flag; '.' = missing)",not measured this pass — treat as a follow-up check,"confirm depth, then match EZ's 15y","Deutsche Bundesbank, api.statistiken.bundesbank.de, BBSIS key with R10XX tenor segment",ok,"Single-issuer Bund curve — the literal benchmark, distinct from the EZ blended row.",yes,weekly,1997-08-08,2026-09-25,"1,521","fresh (1d old, limit 14d)",—,2026-09-26
Yield curve (nominal),DE,curve.DE.30Y,"DE govt yield, 30Y",%,daily,"CSV (~9-line metadata preamble, then date,value,flag; '.' = missing)",not measured this pass — treat as a follow-up check,"confirm depth, then match EZ's 15y","Deutsche Bundesbank, api.statistiken.bundesbank.de, BBSIS key with R30XX tenor segment",ok,"Single-issuer Bund curve — the literal benchmark, distinct from the EZ blended row.",yes,weekly,2000-08-04,2026-09-25,"1,365","fresh (1d old, limit 14d)",—,2026-09-26
Yield curve (nominal),CH,curve.CH.10Y,"CH govt yield, 10Y",%,daily (published monthly in batch),"CSV (semicolon, BOM, 2 preamble lines)",1988-01-04 onward,full,"SNB data portal, cube rendeiduebd (dimSel D0=CHF)",ok,"SOURCE CHANGED 2026-09-13, and this retires the project's only unofficial source. SPEC.md recorded the SNB curve as discontinued in July 2025; that was wrong. It was not discontinued, it MOVED cubes — rendoblid stopped on 2025-07-31 and rendeiduebd carries it forward, with continuous daily data through the Aug–Sep 2025 window where the old cube ended. D0=CHF isolates Swiss Confederation bond issues; D1 is the maturity, labelled in years-German (10J, not 10Y). Traps: the CSV carries a BOM and two metadata lines before the header and is semicolon-delimited; a query with no fromDate returns only the LAST MONTH, not the full history; and the cube publishes in a MONTHLY BATCH, so a query into the current month returns headers only. That batch cadence is why these rows are judged against a 45-day limit rather than 14. All prior rows were purged on 2026-09-13 (tools/migrate_ch_curve_to_snb.py) because they were OECD monthly averages and TradingEconomics quotes mis-filed under a spot-curve id, and neither could be displaced by appending. This tenor alone is topped up from the SNB interest-rate RSS feed (cb:rateName R10, the same Confederation spot rate, quoted daily), so it stays current between monthly batches while 2y/5y/30y sit at the batch date.",yes,weekly,1988-01-04,2026-09-25,"2,021","fresh (1d old, limit 45d)",—,2026-09-26
Yield curve (nominal),CH,curve.CH.2Y,"CH govt yield, 2Y",%,daily (published monthly in batch),"CSV (semicolon, BOM, 2 preamble lines)",1988-01-04 onward,full,"SNB data portal, cube rendeiduebd (dimSel D0=CHF)",ok,"SOURCE CHANGED 2026-09-13, and this retires the project's only unofficial source. SPEC.md recorded the SNB curve as discontinued in July 2025; that was wrong. It was not discontinued, it MOVED cubes — rendoblid stopped on 2025-07-31 and rendeiduebd carries it forward, with continuous daily data through the Aug–Sep 2025 window where the old cube ended. D0=CHF isolates Swiss Confederation bond issues; D1 is the maturity, labelled in years-German (10J, not 10Y). Traps: the CSV carries a BOM and two metadata lines before the header and is semicolon-delimited; a query with no fromDate returns only the LAST MONTH, not the full history; and the cube publishes in a MONTHLY BATCH, so a query into the current month returns headers only. That batch cadence is why these rows are judged against a 45-day limit rather than 14. All prior rows were purged on 2026-09-13 (tools/migrate_ch_curve_to_snb.py) because they were OECD monthly averages and TradingEconomics quotes mis-filed under a spot-curve id, and neither could be displaced by appending.",yes,weekly,1988-01-04,2026-08-31,"2,018","fresh (26d old, limit 45d)",—,2026-09-26
Yield curve (nominal),CH,curve.CH.5Y,"CH govt yield, 5Y",%,daily (published monthly in batch),"CSV (semicolon, BOM, 2 preamble lines)",1988-01-04 onward,full,"SNB data portal, cube rendeiduebd (dimSel D0=CHF)",ok,"SOURCE CHANGED 2026-09-13, and this retires the project's only unofficial source. SPEC.md recorded the SNB curve as discontinued in July 2025; that was wrong. It was not discontinued, it MOVED cubes — rendoblid stopped on 2025-07-31 and rendeiduebd carries it forward, with continuous daily data through the Aug–Sep 2025 window where the old cube ended. D0=CHF isolates Swiss Confederation bond issues; D1 is the maturity, labelled in years-German (10J, not 10Y). Traps: the CSV carries a BOM and two metadata lines before the header and is semicolon-delimited; a query with no fromDate returns only the LAST MONTH, not the full history; and the cube publishes in a MONTHLY BATCH, so a query into the current month returns headers only. That batch cadence is why these rows are judged against a 45-day limit rather than 14. All prior rows were purged on 2026-09-13 (tools/migrate_ch_curve_to_snb.py) because they were OECD monthly averages and TradingEconomics quotes mis-filed under a spot-curve id, and neither could be displaced by appending.",yes,weekly,1988-01-04,2026-08-31,"2,018","fresh (26d old, limit 45d)",—,2026-09-26
Yield curve (nominal),CH,curve.CH.30Y,"CH govt yield, 30Y",%,daily (published monthly in batch),"CSV (semicolon, BOM, 2 preamble lines)",1997-12-31 onward (no 30y point before then),full,"SNB data portal, cube rendeiduebd (dimSel D0=CHF)",ok,"SOURCE CHANGED 2026-09-13, and this retires the project's only unofficial source. SPEC.md recorded the SNB curve as discontinued in July 2025; that was wrong. It was not discontinued, it MOVED cubes — rendoblid stopped on 2025-07-31 and rendeiduebd carries it forward, with continuous daily data through the Aug–Sep 2025 window where the old cube ended. D0=CHF isolates Swiss Confederation bond issues; D1 is the maturity, labelled in years-German (10J, not 10Y). Traps: the CSV carries a BOM and two metadata lines before the header and is semicolon-delimited; a query with no fromDate returns only the LAST MONTH, not the full history; and the cube publishes in a MONTHLY BATCH, so a query into the current month returns headers only. That batch cadence is why these rows are judged against a 45-day limit rather than 14. All prior rows were purged on 2026-09-13 (tools/migrate_ch_curve_to_snb.py) because they were OECD monthly averages and TradingEconomics quotes mis-filed under a spot-curve id, and neither could be displaced by appending.",yes,weekly,1997-12-31,2026-08-31,"1,497","fresh (26d old, limit 45d)",—,2026-09-26
Yield curve (nominal),CN,curve.CN.2Y,"CN govt yield, 2Y",%,—,—,,,none — not published on this curve,no source found,The ChinaBond government curve publishes 3M/6M/1Y/3Y/5Y/7Y/10Y/30Y and has NO 2y point. 3Y is the nearest published tenor and is deliberately NOT interpolated into this slot — an interpolated number in a column of published ones is a reporting error. Verified 2026-09-13; see the CN 5Y row.,no,—,—,—,—,—,—,2026-09-26
Yield curve (nominal),CN,curve.CN.5Y,"CN govt yield, 5Y",%,daily (business days),HTML table (server-rendered),2006-03-01 onward,full,"ChinaBond, cbweb-pbc-web/pbc/historyQuery (scraped)",ok,"SOURCE FOUND 2026-09-13. SPEC.md recorded ChinaBond as JavaScript-rendered and CFETS as refusing all access; that was true only of the paths tried — the earlier attempts hit the JavaScript FRONT-END. The server-rendered endpoints under cbweb-pbc-web/pbc/ answer a plain cold GET with no cookies, session, captcha or key. THIS IS A SCRAPE and is labelled as one: sturdier than a typical one (official CCDC/PBoC-affiliated, labelled column headers, named curves), but a restyle still breaks it. Parsed by matching the header row by name and the curve by the string 'ChinaBond Government Bond Yield Curve' — the response carries three curves, so matching on position would silently return a corporate curve. Values outside 0–15% are dropped as parse errors. Traps: a query wider than 365 days returns HTTP 200 with a headers-only page, as does a range with no data, so zero rows is treated as failure; and history starts 2006-03-01, not 2010 as first reported. The backfill walks one calendar year per request. Cross-checked against OECD SDMX CHN.M.IRLT (monthly, 2026-07 = 1.71).",yes,weekly,2006-03-03,2026-09-24,"1,065","fresh (2d old, limit 14d)",—,2026-09-26
Yield curve (nominal),CN,curve.CN.10Y,"CN govt yield, 10Y",%,daily (business days),HTML table (server-rendered),2006-03-01 onward,full,"ChinaBond, cbweb-pbc-web/pbc/historyQuery (scraped)",ok,"SOURCE FOUND 2026-09-13. SPEC.md recorded ChinaBond as JavaScript-rendered and CFETS as refusing all access; that was true only of the paths tried — the earlier attempts hit the JavaScript FRONT-END. The server-rendered endpoints under cbweb-pbc-web/pbc/ answer a plain cold GET with no cookies, session, captcha or key. THIS IS A SCRAPE and is labelled as one: sturdier than a typical one (official CCDC/PBoC-affiliated, labelled column headers, named curves), but a restyle still breaks it. Parsed by matching the header row by name and the curve by the string 'ChinaBond Government Bond Yield Curve' — the response carries three curves, so matching on position would silently return a corporate curve. Values outside 0–15% are dropped as parse errors. Traps: a query wider than 365 days returns HTTP 200 with a headers-only page, as does a range with no data, so zero rows is treated as failure; and history starts 2006-03-01, not 2010 as first reported. The backfill walks one calendar year per request. Cross-checked against OECD SDMX CHN.M.IRLT (monthly, 2026-07 = 1.71).",yes,weekly,2006-03-03,2026-09-24,"1,065","fresh (2d old, limit 14d)",—,2026-09-26
Yield curve (nominal),CN,curve.CN.30Y,"CN govt yield, 30Y",%,daily (business days),HTML table (server-rendered),2006-03-01 onward,full,"ChinaBond, cbweb-pbc-web/pbc/historyQuery (scraped)",ok,"SOURCE FOUND 2026-09-13. SPEC.md recorded ChinaBond as JavaScript-rendered and CFETS as refusing all access; that was true only of the paths tried — the earlier attempts hit the JavaScript FRONT-END. The server-rendered endpoints under cbweb-pbc-web/pbc/ answer a plain cold GET with no cookies, session, captcha or key. THIS IS A SCRAPE and is labelled as one: sturdier than a typical one (official CCDC/PBoC-affiliated, labelled column headers, named curves), but a restyle still breaks it. Parsed by matching the header row by name and the curve by the string 'ChinaBond Government Bond Yield Curve' — the response carries three curves, so matching on position would silently return a corporate curve. Values outside 0–15% are dropped as parse errors. Traps: a query wider than 365 days returns HTTP 200 with a headers-only page, as does a range with no data, so zero rows is treated as failure; and history starts 2006-03-01, not 2010 as first reported. The backfill walks one calendar year per request. Cross-checked against OECD SDMX CHN.M.IRLT (monthly, 2026-07 = 1.71).",yes,weekly,2006-03-03,2026-09-24,"1,065","fresh (2d old, limit 14d)",—,2026-09-26
Yield curve (nominal),JP,curve.JP.2Y,"JP govt yield, 2Y",%,daily,"CSV, Shift-JIS (cp932) encoding, title row on line 1","back to 1974 (archive file, then stitched to current month)",full (1974→now),"Japan MOF, jgbcme.csv (current month) stitched with historical/jgbcme_all.csv (archive)",ok,"Requires a browser-style User-Agent. Whole 1Y-40Y curve in one file, not per-tenor requests.",yes,weekly,1974-09-27,2026-09-24,"2,652","fresh (2d old, limit 14d)",—,2026-09-26
Yield curve (nominal),JP,curve.JP.5Y,"JP govt yield, 5Y",%,daily,"CSV, Shift-JIS (cp932) encoding, title row on line 1","back to 1974 (archive file, then stitched to current month)",full (1974→now),"Japan MOF, jgbcme.csv (current month) stitched with historical/jgbcme_all.csv (archive)",ok,"Requires a browser-style User-Agent. Whole 1Y-40Y curve in one file, not per-tenor requests.",yes,weekly,1974-09-27,2026-09-24,"2,717","fresh (2d old, limit 14d)",—,2026-09-26
Yield curve (nominal),JP,curve.JP.10Y,"JP govt yield, 10Y",%,daily,"CSV, Shift-JIS (cp932) encoding, title row on line 1","back to 1974 (archive file, then stitched to current month)",full (1974→now),"Japan MOF, jgbcme.csv (current month) stitched with historical/jgbcme_all.csv (archive)",ok,"Requires a browser-style User-Agent. Whole 1Y-40Y curve in one file, not per-tenor requests.",yes,weekly,1986-07-11,2026-09-24,"2,102","fresh (2d old, limit 14d)",—,2026-09-26
Yield curve (nominal),JP,curve.JP.30Y,"JP govt yield, 30Y",%,daily,"CSV, Shift-JIS (cp932) encoding, title row on line 1","back to 1974 (archive file, then stitched to current month)",full (1974→now),"Japan MOF, jgbcme.csv (current month) stitched with historical/jgbcme_all.csv (archive)",ok,"Requires a browser-style User-Agent. Whole 1Y-40Y curve in one file, not per-tenor requests.",yes,weekly,1999-09-03,2026-09-24,"1,416","fresh (2d old, limit 14d)",—,2026-09-26
Yield curve (nominal),NO,curve.NO.2Y,"NO govt yield, 2Y",%,daily,semicolon-delimited CSV,~25y (widened 2026-08-28) but API only actually reaches back to 2015 regardless of the request window,2015→now (source ceiling),"Norges Bank, GOVT_ZEROCOUPON/B.<tenor>",ok,"One request for the whole curve, not per-tenor (a single transient failure used to downgrade the whole curve to 'partial').",yes,weekly,2015-01-02,2026-09-24,616,"fresh (2d old, limit 14d)",—,2026-09-26
Yield curve (nominal),NO,curve.NO.5Y,"NO govt yield, 5Y",%,daily,semicolon-delimited CSV,~25y (widened 2026-08-28) but API only actually reaches back to 2015 regardless of the request window,2015→now (source ceiling),"Norges Bank, GOVT_ZEROCOUPON/B.<tenor>",ok,"One request for the whole curve, not per-tenor (a single transient failure used to downgrade the whole curve to 'partial').",yes,weekly,2015-01-02,2026-09-24,616,"fresh (2d old, limit 14d)",—,2026-09-26
Yield curve (nominal),NO,curve.NO.10Y,"NO govt yield, 10Y",%,daily,semicolon-delimited CSV,~25y (widened 2026-08-28) but API only actually reaches back to 2015 regardless of the request window,2015→now (source ceiling),"Norges Bank, GOVT_ZEROCOUPON/B.<tenor>",ok,"One request for the whole curve, not per-tenor (a single transient failure used to downgrade the whole curve to 'partial').",yes,weekly,2015-01-02,2026-09-24,616,"fresh (2d old, limit 14d)",—,2026-09-26
Yield curve (nominal),NO,curve.NO.30Y,"NO govt yield, 30Y",%,—,—,,,none,no source found,Norges Bank's published curve stops at 10y — there is no 30y point anywhere.,no,—,—,—,—,—,—,2026-09-26
Yield curve (real),US,real_yield.US.5Y,"US TIPS real yield, 5Y",%,daily,CSV,full,full,"FRED, DFII5",ok,CPI-linked (TIPS) basis.,yes,weekly,2003-01-03,2026-09-24,"1,243","fresh (2d old, limit 14d)",—,2026-09-26
Yield curve (real),US,real_yield.US.10Y,"US TIPS real yield, 10Y",%,daily,CSV,full,full,"FRED, DFII10",ok,CPI-linked (TIPS) basis.,yes,weekly,2003-01-03,2026-09-24,"1,243","fresh (2d old, limit 14d)",—,2026-09-26
Yield curve (real),US,real_yield.US.30Y,"US TIPS real yield, 30Y",%,daily,CSV,full,full,"FRED, DFII30",ok,CPI-linked (TIPS) basis.,yes,weekly,2010-02-26,2026-09-24,870,"fresh (2d old, limit 14d)",—,2026-09-26
Yield curve (real),US,real_yield.US.2Y,"US TIPS real yield, 2Y",%,—,—,,,none found,no source found,No 2y TIPS breakeven is published.,no,—,—,—,—,—,—,2026-09-26
Yield curve (real),UK,real_yield.UK.2Y,"UK index-linked gilt real yield, 2Y",%,daily,xlsx (zipped),"full, via one-time backfill (real workbook has its own archive zip)","full (one-time backfill), then daily incremental",BoE GLC real workbook,ok,RPI-linked gilts basis. Same one-time-backfill-then-daily-snapshot approach as the nominal UK curve.,yes,weekly,1985-06-28,2026-09-24,"1,385","fresh (2d old, limit 14d)",gap,2026-09-26
Yield curve (real),UK,real_yield.UK.5Y,"UK index-linked gilt real yield, 5Y",%,daily,xlsx (zipped),"full, via one-time backfill (real workbook has its own archive zip)","full (one-time backfill), then daily incremental",BoE GLC real workbook,ok,RPI-linked gilts basis. Same one-time-backfill-then-daily-snapshot approach as the nominal UK curve.,yes,weekly,1985-01-04,2026-09-24,"2,181","fresh (2d old, limit 14d)",—,2026-09-26
Yield curve (real),UK,real_yield.UK.10Y,"UK index-linked gilt real yield, 10Y",%,daily,xlsx (zipped),"full, via one-time backfill (real workbook has its own archive zip)","full (one-time backfill), then daily incremental",BoE GLC real workbook,ok,RPI-linked gilts basis. Same one-time-backfill-then-daily-snapshot approach as the nominal UK curve.,yes,weekly,1985-01-04,2026-09-24,"2,181","fresh (2d old, limit 14d)",—,2026-09-26
Yield curve (real),UK,real_yield.UK.30Y,"UK index-linked gilt real yield, 30Y",%,daily,xlsx (zipped),"full, via one-time backfill (real workbook has its own archive zip)","full (one-time backfill), then daily incremental",BoE GLC real workbook,ok,RPI-linked gilts basis. Same one-time-backfill-then-daily-snapshot approach as the nominal UK curve.,yes,weekly,2016-01-08,2026-09-24,563,"fresh (2d old, limit 14d)",—,2026-09-26
Eurozone spread (benchmark leg),DE,spread_benchmark.DE,"Germany 10y-equivalent, ECB long-term rate series (benchmark leg for FR/IT/ES spreads)",%,monthly,CSV,not measured this pass,match FR/IT/ES,"ECB Data Portal, IRS/M.DE.L.L40.CI.0000.EUR.N.Z",ok,Deliberately NOT the Bundesbank daily curve — ECB's German figure (3.07) differs from Bundesbank's (3.22); mixing sources would put a methodology gap into the spread.,yes,monthly,2011-09-01,2026-08-01,180,"fresh (56d old, limit 70d)",—,2026-09-26
Eurozone spread,EZ,spread.FR,"France vs. Bund (ECB benchmark leg), sovereign spread",bp,monthly,CSV,not measured this pass,match benchmark leg,"ECB Data Portal, IRS/M.FR.L.L40.CI.0000.EUR.N.Z",ok,Both legs of the spread must come from this same ECB series family — never mix in the Bundesbank curve for the German leg.,yes,monthly,2011-09-01,2026-08-01,180,"fresh (56d old, limit 70d)",—,2026-09-26
Eurozone spread,EZ,spread.IT,"Italy vs. Bund (ECB benchmark leg), sovereign spread",bp,monthly,CSV,not measured this pass,match benchmark leg,"ECB Data Portal, IRS/M.IT.L.L40.CI.0000.EUR.N.Z",ok,Both legs of the spread must come from this same ECB series family — never mix in the Bundesbank curve for the German leg.,yes,monthly,2011-09-01,2026-08-01,180,"fresh (56d old, limit 70d)",—,2026-09-26
Eurozone spread,EZ,spread.ES,"Spain vs. Bund (ECB benchmark leg), sovereign spread",bp,monthly,CSV,not measured this pass,match benchmark leg,"ECB Data Portal, IRS/M.ES.L.L40.CI.0000.EUR.N.Z",ok,Both legs of the spread must come from this same ECB series family — never mix in the Bundesbank curve for the German leg.,yes,monthly,2011-09-01,2026-08-01,180,"fresh (56d old, limit 70d)",—,2026-09-26
CPI,UK,cpi.UK,"UK headline CPI, YoY % and index level","% YoY (unit 771) + index level (unit 628, same response)",monthly,JSON,1989-01 onward,full,"ONS, MM23/D7G7",ok,"SOURCE CHANGED 2026-09-13, off the single BIS dataflow onto this region's own statistics office. BIS releases WS_LONG_CPI once a month in the last week and dates each print to the first of the month it describes, so its newest observation runs 27-57 days old; going direct cuts that. Because the dashboard polls weekly the gain is in AVERAGE staleness, not just arrival lag. Prior rows were purged and reseeded (tools/purge_series.py): the index is on a different base, so appending would have spliced two bases into one series — the exact failure db/quality.check_basis_break guards. NOT one methodology across regions — HICP does not exist for the US, China or Japan — so each region stores its own headline national print and the payload carries an explicit basis. Basis: UK CPI. Deliberately NOT CPIH, which adds owner-occupier housing costs and stops being comparable. api.ons.gov.uk is DEAD (404 on every path); www.ons.gov.uk is the host. Quirks: the months array runs oldest-to-newest, dates read '2026 JUL' not ISO, values are STRINGS, and the quarters/years arrays are different aggregations that must be ignored. ONS publishes 1dp where BIS computed more, so the reseed restated values by rounding only.",yes,monthly,1989-01-01,2026-08-01,452,"fresh (56d old, limit 95d)",—,2026-09-26
CPI,EZ,cpi.EZ,"EZ headline CPI, YoY % and index level","% YoY (unit 771) + index level (unit 628, same response)",monthly,JSON-stat,1997-01 onward,full,"Eurostat, prc_hicp_minr (EA, RCH_A)",ok,"SOURCE CHANGED 2026-09-13, off the single BIS dataflow onto this region's own statistics office. BIS releases WS_LONG_CPI once a month in the last week and dates each print to the first of the month it describes, so its newest observation runs 27-57 days old; going direct cuts that. Because the dashboard polls weekly the gain is in AVERAGE staleness, not just arrival lag. Prior rows were purged and reseeded (tools/purge_series.py): the index is on a different base, so appending would have spliced two bases into one series — the exact failure db/quality.check_basis_break guards. NOT one methodology across regions — HICP does not exist for the US, China or Japan — so each region stores its own headline national print and the payload carries an explicit basis. Basis: euro area HICP. THE DATAFLOW MOVED: Eurostat retired prc_hicp_manr and prc_hicp_midx on 2026-02-04 for the ECOICOP ver.2 changeover, and the ECB discontinued its mirror ICP dataset the same day. Both sit FROZEN AT 2025-12 while still returning HTTP 200 — a silent freeze, not an outage. The successor is prc_hicp_minr, whose item dimension is coicop18=TOTAL (not coicop=CP00). The ECB's replacement HICP dataflow carries identical numbers under DATA_PROVIDER=4D0 (not 4); Eurostat was chosen because fetch_eurostat already exists.",yes,monthly,1997-01-01,2026-08-01,356,"fresh (56d old, limit 95d)",—,2026-09-26
CPI,DE,cpi.DE,"DE headline CPI, YoY % and index level","% YoY (unit 771) + index level (unit 628, same response)",monthly,JSON-stat,1997-01 onward,full,"Eurostat, prc_hicp_minr (DE, RCH_A)",ok,"SOURCE CHANGED 2026-09-13, off the single BIS dataflow onto this region's own statistics office. BIS releases WS_LONG_CPI once a month in the last week and dates each print to the first of the month it describes, so its newest observation runs 27-57 days old; going direct cuts that. Because the dashboard polls weekly the gain is in AVERAGE staleness, not just arrival lag. Prior rows were purged and reseeded (tools/purge_series.py): the index is on a different base, so appending would have spliced two bases into one series — the exact failure db/quality.check_basis_break guards. NOT one methodology across regions — HICP does not exist for the US, China or Japan — so each region stores its own headline national print and the payload carries an explicit basis. BASIS CHANGED: Germany moves from BIS's national VPI to HICP. That is a real methodology switch, not a re-sourcing — they printed identically at +2.9% in Aug 2026 and typically differ by <=0.3pp, but they are different indices. Same retired-dataflow story as the EZ rows.",yes,monthly,1997-01-01,2026-08-01,356,"fresh (56d old, limit 95d)",—,2026-09-26
CPI,CH,cpi.CH,"CH headline CPI, YoY % and index level","% YoY (unit 771) + index level (unit 628, same response)",monthly,"CSV (semicolon, BOM)",1922-01 onward,full,SNB cube plkopr (VVP),ok,"SOURCE CHANGED 2026-09-13, off the single BIS dataflow onto this region's own statistics office. BIS releases WS_LONG_CPI once a month in the last week and dates each print to the first of the month it describes, so its newest observation runs 27-57 days old; going direct cuts that. Because the dashboard polls weekly the gain is in AVERAGE staleness, not just arrival lag. Prior rows were purged and reseeded (tools/purge_series.py): the index is on a different base, so appending would have spliced two bases into one series — the exact failure db/quality.check_basis_break guards. NOT one methodology across regions — HICP does not exist for the US, China or Japan — so each region stores its own headline national print and the payload carries an explicit basis. Basis: Swiss LIK. VVP is already in PERCENT and needs no scaling — its 2026-07 value of 0.354234 is bit-identical to what the BIS series held for the same month, confirming they are the same print. Empty for the first 12 months, having no year-earlier base. Two metadata lines precede the header. The gain over BIS is only ~6 days: this is the weakest of the switches, taken for source directness. BFS/FSO publishes at T+3 but serves no price domain on its PxWeb API (checked 2026-09-13: of 650 database ids, none begins px-x-05).",yes,monthly,1922-01-01,2026-08-01,"1,256","fresh (56d old, limit 95d)",—,2026-09-26
CPI,CN,cpi.CN,"CN headline CPI, YoY % and index level","% YoY (unit 771) + index level (unit 628, same response)",monthly,CSV,~25y (startPeriod widened 2026-08-28),25y,"BIS Data Portal, WS_LONG_CPI/1.0/M.CN?format=csv",ok,One response carries both unit codes — filtering on unit_measure is mandatory or the two get mixed.,yes,monthly,2001-09-01,2026-08-01,300,"fresh (56d old, limit 100d)",—,2026-09-26
CPI,JP,cpi.JP,"JP headline CPI, YoY % and index level","% YoY (unit 771) + index level (unit 628, same response)",monthly,CSV,~25y (startPeriod widened 2026-08-28),25y,"BIS Data Portal, WS_LONG_CPI/1.0/M.JP?format=csv",ok,One response carries both unit codes — filtering on unit_measure is mandatory or the two get mixed.,yes,monthly,2001-09-01,2026-07-01,299,"fresh (87d old, limit 100d)",—,2026-09-26
Inflation expectations (market),US,inflexp.US.market.5y,"US market-implied breakeven, 5y, CPI basis",%,daily,CSV,full,full,"FRED, T5YIE",ok,,yes,weekly,2003-01-03,2026-09-25,"1,239","fresh (1d old, limit 14d)",—,2026-09-26
Inflation expectations (market),US,inflexp.US.market.10y,"US market-implied breakeven, 10y, CPI basis",%,daily,CSV,full,full,"FRED, T10YIE",ok,,yes,weekly,2003-01-03,2026-09-25,"1,239","fresh (1d old, limit 14d)",—,2026-09-26
Inflation expectations (market),US,inflexp.US.market.5y5y_fwd,"US market-implied breakeven, 5y5y_fwd, CPI basis",%,daily,CSV,full,full,"FRED, T5YIFR",ok,,yes,weekly,2003-01-03,2026-09-25,"1,239","fresh (1d old, limit 14d)",—,2026-09-26
Inflation expectations (model),US,inflexp.US.model.1y,"US Cleveland Fed model-implied, 1y, CPI basis",%,monthly,CSV,full,full,"FRED, EXPINF1YR",ok,"Model-implied (TIPS + swaps + survey blend), badged as such — no 1y TIPS breakeven is published so this is the standard stand-in.",yes,monthly,1982-01-01,2026-09-01,537,"fresh (25d old, limit 70d)",—,2026-09-26
Inflation expectations (model),US,inflexp.US.model.5y,"US Cleveland Fed model-implied, 5y, CPI basis",%,monthly,CSV,full,full,"FRED, EXPINF5YR",ok,"Model-implied (TIPS + swaps + survey blend), badged as such — no 1y TIPS breakeven is published so this is the standard stand-in.",yes,monthly,1982-01-01,2026-09-01,537,"fresh (25d old, limit 70d)",—,2026-09-26
Inflation expectations (model),US,inflexp.US.model.10y,"US Cleveland Fed model-implied, 10y, CPI basis",%,monthly,CSV,full,full,"FRED, EXPINF10YR",ok,"Model-implied (TIPS + swaps + survey blend), badged as such — no 1y TIPS breakeven is published so this is the standard stand-in.",yes,monthly,1982-01-01,2026-09-01,537,"fresh (25d old, limit 70d)",—,2026-09-26
Inflation expectations (market),UK,inflexp.UK.2y,"UK market-implied breakeven, 2y, RPI basis",%,daily,xlsx (zipped),"full, via one-time backfill (inflation workbook has its own archive zip)","full (one-time backfill), then daily incremental",BoE GLC inflation workbook,ok,"RPI-based, not CPI — runs ~0.8-1.0pp above the CPI-basis figure. Must never be compared directly to US/model CPI breakevens without noting the basis.",yes,weekly,1985-06-28,2026-09-24,"1,385","fresh (2d old, limit 14d)",gap,2026-09-26
Inflation expectations (market),UK,inflexp.UK.5y,"UK market-implied breakeven, 5y, RPI basis",%,daily,xlsx (zipped),"full, via one-time backfill (inflation workbook has its own archive zip)","full (one-time backfill), then daily incremental",BoE GLC inflation workbook,ok,"RPI-based, not CPI — runs ~0.8-1.0pp above the CPI-basis figure. Must never be compared directly to US/model CPI breakevens without noting the basis.",yes,weekly,1985-01-04,2026-09-24,"2,181","fresh (2d old, limit 14d)",—,2026-09-26
Inflation expectations (market),UK,inflexp.UK.10y,"UK market-implied breakeven, 10y, RPI basis",%,daily,xlsx (zipped),"full, via one-time backfill (inflation workbook has its own archive zip)","full (one-time backfill), then daily incremental",BoE GLC inflation workbook,ok,"RPI-based, not CPI — runs ~0.8-1.0pp above the CPI-basis figure. Must never be compared directly to US/model CPI breakevens without noting the basis.",yes,weekly,1985-01-04,2026-09-24,"2,181","fresh (2d old, limit 14d)",—,2026-09-26
Inflation expectations,EZ,inflexp.EZ,Eurozone inflation expectations,%,—,—,"n/a — instrument is a traded OTC swap, not a published free feed",,none free (paid: Bloomberg/Refinitiv/ICE),"exists, not free","Kept as the standing record that the euro-area MARKET-implied measure is still unsourced. The practitioner standard is the EUR HICPx zero-coupon inflation swap — it trades and is real, but is not published free anywhere. ECB FM's 'ILS' codes turned out to be Israeli shekel. As of 2026-09-13 the euro area does have a SURVEY-based expectation from the ECB SPF (see the inflexp.EZ.* rows below), which is a different quantity, not a substitute for this one.",no,—,—,—,—,—,—,2026-09-26
Inflation expectations,EZ,inflexp.EZ.1y,"Eurozone inflation expectation, 1 year ahead (SPF survey mean)",%,quarterly,CSV (SDMX csvdata),1999-Q1 onward,full,"ECB Data Portal, SPF.Q.U2.HICP.POINT.<year>.Q.AVG",ok,"Added 2026-09-13. A SURVEY, not a breakeven — badged separately in the table because a survey mean and a market-implied rate are different quantities with different biases and must never be averaged or read as one series. This does NOT close the euro-area market-implied gap: the practitioner standard is still the EUR HICPx zero-coupon inflation swap, which has no free feed anywhere (the ECB FM dataflow's 'ILS' codes are Israeli shekel, not inflation-linked swaps) — see the inflexp.EZ row, which is kept as the standing record of that. Host note: sdw-wsrest.ecb.europa.eu no longer resolves; data-api.ecb.europa.eu is the host. One wildcard request returns all 34 SPF HICP point forecasts with history to 1999Q1. Quarterly rounds, ~3-4 week lag, dated to the first day of the survey round's quarter. TENOR NOTE: SPF publishes NO rolling-horizon series — only point forecasts for named calendar years. This series is CONSTRUCTED by reading each round's forecast for the year a fixed distance ahead of it, which is a genuinely constant horizon and so belongs in this column.",yes,quarterly,1999-01-01,2026-07-01,111,"fresh (87d old, limit 200d)",—,2026-09-26
Inflation expectations,EZ,inflexp.EZ.2y,"Eurozone inflation expectation, 2 years ahead (SPF survey mean)",%,quarterly,CSV (SDMX csvdata),1999-Q1 onward,full,"ECB Data Portal, SPF.Q.U2.HICP.POINT.<year>.Q.AVG",ok,"Added 2026-09-13. A SURVEY, not a breakeven — badged separately in the table because a survey mean and a market-implied rate are different quantities with different biases and must never be averaged or read as one series. This does NOT close the euro-area market-implied gap: the practitioner standard is still the EUR HICPx zero-coupon inflation swap, which has no free feed anywhere (the ECB FM dataflow's 'ILS' codes are Israeli shekel, not inflation-linked swaps) — see the inflexp.EZ row, which is kept as the standing record of that. Host note: sdw-wsrest.ecb.europa.eu no longer resolves; data-api.ecb.europa.eu is the host. One wildcard request returns all 34 SPF HICP point forecasts with history to 1999Q1. Quarterly rounds, ~3-4 week lag, dated to the first day of the survey round's quarter. TENOR NOTE: SPF publishes NO rolling-horizon series — only point forecasts for named calendar years. This series is CONSTRUCTED by reading each round's forecast for the year a fixed distance ahead of it, which is a genuinely constant horizon and so belongs in this column.",yes,quarterly,2000-07-01,2026-07-01,81,"fresh (87d old, limit 200d)",—,2026-09-26
Inflation expectations,EZ,inflexp.EZ.5y,"Eurozone inflation expectation, longer term (SPF survey mean) — moving 4-5y tenor",%,quarterly,CSV (SDMX csvdata),1999-Q1 onward,full,"ECB Data Portal, SPF.Q.U2.HICP.POINT.LT.Q.AVG",ok,"Added 2026-09-13. A SURVEY, not a breakeven — badged separately in the table because a survey mean and a market-implied rate are different quantities with different biases and must never be averaged or read as one series. This does NOT close the euro-area market-implied gap: the practitioner standard is still the EUR HICPx zero-coupon inflation swap, which has no free feed anywhere (the ECB FM dataflow's 'ILS' codes are Israeli shekel, not inflation-linked swaps) — see the inflexp.EZ row, which is kept as the standing record of that. Host note: sdw-wsrest.ecb.europa.eu no longer resolves; data-api.ecb.europa.eu is the host. One wildcard request returns all 34 SPF HICP point forecasts with history to 1999Q1. Quarterly rounds, ~3-4 week lag, dated to the first day of the survey round's quarter. TENOR TRAP, and the reason this cell carries a caveat: this is SPF's published 'longer term' mean, whose horizon MOVES — 5 calendar years ahead in the Q3 and Q4 rounds but 4 in Q1 and Q2. Verifiable, not folklore: in the 2026-Q3 round the LT series is bit-identical to the calendar-2031 series, and in 2026-Q2 it matches calendar-2030. It therefore is NOT the same tenor as the US 5y breakeven sitting in this column, and the two must never be averaged or differenced. It is shown because it is the only long-horizon euro-area inflation expectation published free.",yes,quarterly,1999-01-01,2026-07-01,105,"fresh (87d old, limit 200d)",—,2026-09-26
Inflation expectations,DE,inflexp.DE,Germany inflation expectations (break-even),%,daily (as displayed),"web chart, no confirmed API","n/a — publicly displayed, not confirmed downloadable",,"Deutsche Finanzagentur (page, not API)","exists, not free","deutsche-finanzagentur.de publishes 'Break-even Inflation Rates' as a live chart — the number is real and current, but no CSV/API was found behind it. Bundesbank's REST API has no matching series. Worth one more look at the page's underlying network calls (not reachable via a text-only fetch) before concluding it's fully closed.",no,—,—,—,—,—,—,2026-09-26
Inflation expectations,FR,inflexp.FR,"France inflation expectations (real yield, buildable into a breakeven)",%,not yet confirmed (Webstat's FM dataflow cadence),CSV/API (SDMX),not yet confirmed,not yet confirmed,"Banque de France Webstat, FM dataflow, key pattern <area>.FM.M.FR.EUR.FR2.BB.FR30YT_RR.YLD",descoped,"Confirmed reachable and real — this is not a gap, it's a scope choice: France isn't one of the 8 tracked regions, so this wasn't added. Revisit if that scope decision changes; the lead doesn't go stale.",no,—,—,—,—,—,—,2026-09-26
Inflation expectations,CN,inflexp.CN,China inflation expectations,%,—,—,,,none found,no source found,"No accessible CNY inflation-linked market data found. Unlike Switzerland/Norway below, whether a liquid CNY inflation-linked bond market exists at all was not conclusively confirmed either way this pass — treat as 'not found', not 'confirmed impossible'.",no,—,—,—,—,—,—,2026-09-26
Inflation expectations,CH,inflexp.CH,Switzerland inflation expectations,%,—,—,,,none — no instrument exists,no source found,"PERMANENT STRUCTURAL GAP, not a sourcing failure: Switzerland's government issues no inflation-linked debt at all, so there is no instrument to ever source, free or paid — confirmed via SNB securities listings and an independent cross-check, last checked 2026-08-28. Do not re-attempt.",no,—,—,—,—,—,—,2026-09-26
Inflation expectations,NO,inflexp.NO,Norway inflation expectations,%,—,—,,,none — no instrument exists,no source found,"PERMANENT STRUCTURAL GAP, not a sourcing failure: Norway's government issues no inflation-linked debt, so there is no instrument to ever source, free or paid — confirmed via Norges Bank's own government-securities page, which lists only nominal bills and bonds, last checked 2026-08-28. Do not re-attempt.",no,—,—,—,—,—,—,2026-09-26
Inflation expectations,JP,inflexp.JP,Japan inflation expectations (JGBi),%,—,—,"n/a — instrument exists (JGBi, auctioned by MOF), no yield feed found",,"MOF publishes JGBi info, no yield series","exists, not free","JGBi (Japan's inflation-indexed government bonds) are real and auctioned by MOF, but MOF's JGBi page (mof.go.jp) is explanatory only — no yield time series, no CSV, no equivalent to the working nominal jgbcme.csv source.",no,—,—,—,—,—,—,2026-09-26
GDP growth,US,gdp.US,"US real GDP, chain-linked volume, local currency, seasonally adjusted (level; YoY/QoQ derived downstream)","index/level (national currency, chain-linked)",quarterly,CSV,full,full,"FRED, GDPC1",ok,FRED's own OECD-sourced growth-rate series are discontinued (frozen at 200 OK) — level series + derived growth is the only reliable path.,yes,quarterly,1947-01-01,2026-04-01,318,"fresh (178d old, limit 200d)",—,2026-09-26
GDP growth,DE,gdp.DE,"DE real GDP, chain-linked volume, local currency, seasonally adjusted (level; YoY/QoQ derived downstream)","index/level (national currency, chain-linked)",quarterly,CSV,full,full,"FRED, CLVMNACSCAB1GQDE",ok,FRED's own OECD-sourced growth-rate series are discontinued (frozen at 200 OK) — level series + derived growth is the only reliable path.,yes,quarterly,1991-01-01,2026-04-01,142,"fresh (178d old, limit 200d)",—,2026-09-26
GDP growth,CH,gdp.CH,"CH real GDP, chain-linked volume, seasonally, calendar AND sport-event adjusted (level; YoY/QoQ derived downstream)","level (CHF m, chain-linked, reference year 2020)",quarterly,"CSV (semicolon, BOM, 2-line preamble)",1980-Q2 onward,full,"SNB data portal, cube gdprpq (dimSel D0=WMF, D1=BBIPS)",ok,"SOURCE CHANGED 2026-09-21, Eurostat -> SNB, to get the SPORT-EVENT ADJUSTED series. FIFA, UEFA and the IOC are domiciled in Switzerland and book their licensing revenue here, so the unadjusted series spikes in tournament quarters on revenue that is not Swiss economic activity. SECO compiles an adjusted national accounts series for exactly this and quotes it as the headline. Verified 2026-09-21: the Eurostat series this replaces reproduces the SNB's UNADJUSTED D1=BBIP quarter for quarter, and 2026-Q2 printed 2.63% YoY unadjusted against 2.15% adjusted (1.88% vs 1.54% QoQ). The sign of the gap flips between quarters, so it is not a level offset that cancels out of a growth rate. EUROSTAT CANNOT SERVE THIS at any dimension combination: namq_10_gdp's s_adj codelist is exactly {NSA, SA, CA, SCA} and carries no sport-event concept. SNB rather than SECO's own swissdata CSV: the numbers are identical (BBIPS is bit-identical to SECO's 'cssa', 2026-Q2 = 207993.3110567 from both), but the SNB reuses the cube code path already built for the Swiss curve and Swiss CPI and answers in 8kB bounded by fromDate, where SECO's file is an unbounded 4.8MB with no startPeriod. TWO CUBE TRAPS, and they differ from rendeiduebd's: (1) a query with NO fromDate returns HTTP 200 with only the last FIVE QUARTERS (9 lines against 189) — and GDP is quarterly, so it is re-fetched in full with start=None every run, which is why fetch_snb_gdp supplies its own floor; (2) the Date column is a QUARTER LABEL ('1980-Q2'), not the ISO date the other SNB cubes return, so it goes through _period_start before _frame. Prior Eurostat rows were purged and reseeded (tools/purge_series.py) — a 2015=100 index against CHF millions is three orders of magnitude, so appending would have spliced two bases. Earlier history: this series was on FRED until 2026-09-13; CLVMNACSCAB1GQCH self-reported 'Source: Eurostat' with units 'Millions of Chained 2010 Euros', so it was never Swiss-sourced, and it is the series that produced the 2026-09-08 rebasing incident.",yes,quarterly,1980-04-01,2026-04-01,185,"fresh (178d old, limit 200d)",—,2026-09-26
GDP growth,JP,gdp.JP,"JP real GDP, chain-linked volume, local currency, seasonally adjusted (level; YoY/QoQ derived downstream)","index/level (national currency, chain-linked)",quarterly,CSV,full,full,"FRED, JPNRGDPEXP",ok,FRED's own OECD-sourced growth-rate series are discontinued (frozen at 200 OK) — level series + derived growth is the only reliable path.,yes,quarterly,1994-01-01,2026-04-01,130,"fresh (178d old, limit 200d)",—,2026-09-26
GDP growth,NO,gdp.NO,"NO real GDP, chain-linked volume, seasonally adjusted (level; YoY/QoQ derived downstream)","index/level (national currency, chain-linked)",quarterly,JSON-stat,1978-Q1 onward,full,"Eurostat, namq_10_gdp (geo=NO, CLV_I15, SCA)",ok,"SOURCE CHANGED 2026-09-13, FRED -> Eurostat. The lag gain is about zero; the reason is provenance. CLVMNACSCAB1GQNO self-reports 'Source: Eurostat' with units 'Millions of Chained 2010 Euros' — this GDP was never Norwegian-sourced. It was Eurostat data passed through FRED with a euro FX CONVERSION LAYER on top, and it is the exact series that produced the 2026-09-08 rebasing incident. Going direct removes both the intermediary and the currency conversion, and puts this region on the identical definition and code path as the euro area and Germany. unit=CLV_I15 (a pure index, 2015=100) rather than EA/DE's CLV15_MEUR deliberately: there is no currency in it at all, which is the point for a country that does not use the euro. Both are chain-linked volume levels, so derived growth is on one definition. Prior FRED rows were purged and reseeded (tools/purge_series.py) — the scale differs, so appending would have spliced two bases. Also re-verified: FRED's OECD mirror NAEXKP01NOQ657S returns HTTP 200 with data last updated 2026-06-15 and a last observation of 2026-Q1 — a full quarter stale while Eurostat has Q2. A frozen mirror behind a 200.",yes,quarterly,1978-01-01,2026-04-01,194,"fresh (178d old, limit 200d)",—,2026-09-26
GDP growth,CN,gdp.CN,"CN real GDP, chain-linked volume, constant 2010 local currency, seasonally adjusted (level; YoY/QoQ derived downstream)","index/level (national currency, chain-linked)",quarterly,JSON,1991Q1 onward,full,"World Bank Global Economic Monitor, NYGDPMKTPSAKN (source=15)",ok,"SOURCE CHANGED 2026-09-13, annual → QUARTERLY. FRED genuinely has no free quarterly real GDP for China (NGDPRSAXDCCNQ, CHNGDPRQPSMEI and NAEXKP01CNQ657S all 404, and the OECD series that used to carry it died in 2023Q3), and the NBS returns HTTP 403 to non-browser clients from outside the mainland — a GitHub Actions runner's exact situation. The World Bank Global Economic Monitor (source=15) carries it: constant 2010 LCU, seasonally adjusted, a LEVEL, back to 1991Q1, keyless, CC BY 4.0, on a host already used here. Worst-case staleness falls from ~15 months to about T+6–8 weeks. LIVE CORRECTNESS TRAP: frequency=Q is SILENTLY IGNORED unless a date range is also passed. Omit it and the API returns ANNUAL rows with HTTP 200, the current year being a partial sum that looks like a real annual figure (measured 2026-09-13: 2026 = 72,551,656 against 2025's 140,133,708). The fetcher always sends date=YYYYQn:YYYYQn and refuses any response carrying a non-quarterly period. The prior annual rows were purged (tools/purge_series.py): both series date a year's first period to YYYY-01-01, so the annual total sat on Q1's date — 134,569,020 against the quarter's 34,475,330.",yes,quarterly,1991-01-01,2026-04-01,142,"fresh (178d old, limit 200d)",—,2026-09-26
GDP growth,UK,gdp.UK,"UK real GDP, chain-linked volume, seasonally adjusted (level; YoY/QoQ derived downstream)",index (chain-linked volume),quarterly,JSON,1955-Q1 onward,full,"ONS, PN2/ABMI",ok,"SOURCE CHANGED 2026-09-13, from the ONS monthly GVA index to ONS quarterly chained volume — the same grain and definition as the other seven regions. The monthly index was more current in information terms but is GVA-based (the output approach), and mixing it into a YoY comparison against seven quarterly chain-linked series is exactly the definitional seam that produces a wrong headline. It is kept as gdp.UK.monthly_nowcast. THE DATASET SUFFIX, NOT THE SERIES CODE, CONTROLS THE VINTAGE: measured 2026-09-13, abmi/pn2 returned 2026 Q2 while abmi/qna returned 2026 Q1 for the identical series id — a full quarter staler, silently. Do not 'simplify' this to qna. One response also carries months, quarters AND years as different aggregations, so the caller must say which grain it wants. api.ons.gov.uk is DEAD; www.ons.gov.uk is the host. Prior monthly rows were purged: an index of ~103 and a chained volume of ~712,545 are not the same quantity.",yes,quarterly,1955-01-01,2026-04-01,286,"fresh (178d old, limit 200d)",—,2026-09-26
GDP growth,UK,gdp.UK.monthly_nowcast,"UK monthly GVA index — supplementary nowcast, not the headline GDP series","index/level (chain-linked, 2022 = 100)",monthly,JSON,1997-01 onward,full,"ONS, MGDP/ECY2",ok,"Added 2026-09-13. The ONS monthly GVA index that used to BE gdp.UK, demoted to a labelled supplementary nowcast rather than deleted. It is genuinely more current (July data on 11 September) and useful as a nowcast, but it is the output-approach measure on a monthly grain and is NOT comparable to the quarterly chain-linked series in the GDP table — which is precisely why it is no longer in it.",yes,monthly,1997-01-01,2026-07-01,355,"fresh (87d old, limit 120d)",—,2026-09-26
GDP growth,EZ,gdp.EZ,"Eurozone real GDP, chain-linked volume (level; YoY/QoQ derived downstream)",index/level (chain-linked volume),quarterly,JSON-stat (JSON),"1995-Q1 onward (126 quarterly observations, confirmed 2026-08-29)",full,"Eurostat, dataset namq_10_gdp — ec.europa.eu/eurostat/api/dissemination/statistics/1.0/data/namq_10_gdp?geo=EA20&unit=CLV15_MEUR&s_adj=SCA&na_item=B1GQ&freq=Q",ok,"Corrected 2026-08-29. The dataset previously named here, teina011, does NOT work: it carries only percentage CHANGES (PCH_Q1_SCA / PCH_Q4_SCA / PCH_Q4_NSA) over a rolling 12 quarters and publishes no level series at all. The pipeline derives growth from LEVELS so every region shares one definition (FRED's OECD growth series are discontinued — see SPEC.md's endpoint appendix), and 12 points cannot resolve a percentile window either. namq_10_gdp is the quarterly national accounts behind teina011 and gives the level. Second, independent reason the switch off FRED is right: this is EA20, the current euro-area membership, where FRED's CLVMNACSCAB1GQEA19 is the superseded EA19. Response is JSON-stat: 'value' is a sparse {flat_index: number} map and the time dimension carries {period_label: index}, so the two join by index, not by position. sinceTimePeriod genuinely bounds the response (126 rows -> 6).",yes,quarterly,1995-01-01,2026-04-01,126,"fresh (178d old, limit 200d)",—,2026-09-26
Valuation,US,valuation.US.cape,"US CAPE / Shiller P/E, S&P 500",ratio (x),monthly,"xls (legacy .xls, needs xlrd)",full (1871→file end),full,"Shiller/Yale, ie_data.xls",stale,"Source file itself currently ends 2024-09 — genuine publication lag at Shiller's end, not a fetch bug. Two-row header; match the lower row where col 0 == 'Date'; dates are fractional (1871.01 = Jan).",yes,monthly,1881-01-01,2024-09-01,"1,725","STALE (755d old, limit 70d)",stale,2026-09-26
Equity risk premium,US,erp.US,"US implied ERP (FCFE basis), S&P 500","% (fraction in source, x100 for display)",annual,xls,full,full,"Damodaran/NYU Stern, histimpl.xls",ok,"Use 'Implied ERP (FCFE)' column specifically — 'Implied Premium (DDM)' sits beside it and is a different, materially lower measure (1.69% vs 4.23% for 2025).",yes,annual,1961-12-31,2025-12-31,65,"fresh (269d old, limit 730d)",—,2026-09-26
Valuation,UK,valuation.UK.pe,"UK median trailing price / earnings, aggregated across listed companies by country (NOT cyclically adjusted — not comparable to US CAPE)",ratio (x),annual,"xls (legacy .xls, needs xlrd)","2020→ (median-basis vintages only; 2012-2019 archives exist but publish means, not medians)",full (median-basis era),"Damodaran/NYU Stern, countrystats.xls",ok,"Added 2026-08-28, implemented 2026-08-29. Median basis: Damodaran switched this file from 'Average of <metric>' to 'Median <metric>' in the 2020 vintage, and the means run 3-10x higher (Germany trailing P/E 171.3 in 2013 vs 15.9 in 2024). Only median-basis vintages are read, so history starts 2020 even though archives exist back to 2012 — splicing the two would put a methodology break mid-series. Archive depth CONFIRMED: countrystats<YY>.xls exists for 2012-2024; the undated current file is the most recent completed year. Header row moves between vintages (row 0, 1, 7 or 8) so it is scanned for, not assumed.",yes,annual,2020-12-31,2025-12-31,6,"fresh (269d old, limit 730d)",—,2026-09-26
Valuation,UK,valuation.UK.pb,"UK median price / book value, aggregated across listed companies by country (NOT cyclically adjusted — not comparable to US CAPE)",ratio (x),annual,"xls (legacy .xls, needs xlrd)","2020→ (median-basis vintages only; 2012-2019 archives exist but publish means, not medians)",full (median-basis era),"Damodaran/NYU Stern, countrystats.xls",ok,"Added 2026-08-28, implemented 2026-08-29. Median basis: Damodaran switched this file from 'Average of <metric>' to 'Median <metric>' in the 2020 vintage, and the means run 3-10x higher (Germany trailing P/E 171.3 in 2013 vs 15.9 in 2024). Only median-basis vintages are read, so history starts 2020 even though archives exist back to 2012 — splicing the two would put a methodology break mid-series. Archive depth CONFIRMED: countrystats<YY>.xls exists for 2012-2024; the undated current file is the most recent completed year. Header row moves between vintages (row 0, 1, 7 or 8) so it is scanned for, not assumed.",yes,annual,2020-12-31,2025-12-31,6,"fresh (269d old, limit 730d)",—,2026-09-26
Valuation,UK,valuation.UK.ps,"UK median price / sales, aggregated across listed companies by country (NOT cyclically adjusted — not comparable to US CAPE)",ratio (x),annual,"xls (legacy .xls, needs xlrd)","2020→ (median-basis vintages only; 2012-2019 archives exist but publish means, not medians)",full (median-basis era),"Damodaran/NYU Stern, countrystats.xls",ok,"Added 2026-08-28, implemented 2026-08-29. Median basis: Damodaran switched this file from 'Average of <metric>' to 'Median <metric>' in the 2020 vintage, and the means run 3-10x higher (Germany trailing P/E 171.3 in 2013 vs 15.9 in 2024). Only median-basis vintages are read, so history starts 2020 even though archives exist back to 2012 — splicing the two would put a methodology break mid-series. Archive depth CONFIRMED: countrystats<YY>.xls exists for 2012-2024; the undated current file is the most recent completed year. Header row moves between vintages (row 0, 1, 7 or 8) so it is scanned for, not assumed.",yes,annual,2020-12-31,2025-12-31,6,"fresh (269d old, limit 730d)",—,2026-09-26
Valuation,UK,valuation.UK.ev_ebitda,"UK median enterprise value / EBITDA, aggregated across listed companies by country (NOT cyclically adjusted — not comparable to US CAPE)",ratio (x),annual,"xls (legacy .xls, needs xlrd)","2020→ (median-basis vintages only; 2012-2019 archives exist but publish means, not medians)",full (median-basis era),"Damodaran/NYU Stern, countrystats.xls",ok,"Added 2026-08-28, implemented 2026-08-29. Median basis: Damodaran switched this file from 'Average of <metric>' to 'Median <metric>' in the 2020 vintage, and the means run 3-10x higher (Germany trailing P/E 171.3 in 2013 vs 15.9 in 2024). Only median-basis vintages are read, so history starts 2020 even though archives exist back to 2012 — splicing the two would put a methodology break mid-series. Archive depth CONFIRMED: countrystats<YY>.xls exists for 2012-2024; the undated current file is the most recent completed year. Header row moves between vintages (row 0, 1, 7 or 8) so it is scanned for, not assumed.",yes,annual,2020-12-31,2025-12-31,6,"fresh (269d old, limit 730d)",—,2026-09-26
Valuation,DE,valuation.DE.pe,"DE median trailing price / earnings, aggregated across listed companies by country (NOT cyclically adjusted — not comparable to US CAPE)",ratio (x),annual,"xls (legacy .xls, needs xlrd)","2020→ (median-basis vintages only; 2012-2019 archives exist but publish means, not medians)",full (median-basis era),"Damodaran/NYU Stern, countrystats.xls",ok,"Added 2026-08-28, implemented 2026-08-29. Median basis: Damodaran switched this file from 'Average of <metric>' to 'Median <metric>' in the 2020 vintage, and the means run 3-10x higher (Germany trailing P/E 171.3 in 2013 vs 15.9 in 2024). Only median-basis vintages are read, so history starts 2020 even though archives exist back to 2012 — splicing the two would put a methodology break mid-series. Archive depth CONFIRMED: countrystats<YY>.xls exists for 2012-2024; the undated current file is the most recent completed year. Header row moves between vintages (row 0, 1, 7 or 8) so it is scanned for, not assumed.",yes,annual,2020-12-31,2025-12-31,6,"fresh (269d old, limit 730d)",—,2026-09-26
Valuation,DE,valuation.DE.pb,"DE median price / book value, aggregated across listed companies by country (NOT cyclically adjusted — not comparable to US CAPE)",ratio (x),annual,"xls (legacy .xls, needs xlrd)","2020→ (median-basis vintages only; 2012-2019 archives exist but publish means, not medians)",full (median-basis era),"Damodaran/NYU Stern, countrystats.xls",ok,"Added 2026-08-28, implemented 2026-08-29. Median basis: Damodaran switched this file from 'Average of <metric>' to 'Median <metric>' in the 2020 vintage, and the means run 3-10x higher (Germany trailing P/E 171.3 in 2013 vs 15.9 in 2024). Only median-basis vintages are read, so history starts 2020 even though archives exist back to 2012 — splicing the two would put a methodology break mid-series. Archive depth CONFIRMED: countrystats<YY>.xls exists for 2012-2024; the undated current file is the most recent completed year. Header row moves between vintages (row 0, 1, 7 or 8) so it is scanned for, not assumed.",yes,annual,2020-12-31,2025-12-31,6,"fresh (269d old, limit 730d)",—,2026-09-26
Valuation,DE,valuation.DE.ps,"DE median price / sales, aggregated across listed companies by country (NOT cyclically adjusted — not comparable to US CAPE)",ratio (x),annual,"xls (legacy .xls, needs xlrd)","2020→ (median-basis vintages only; 2012-2019 archives exist but publish means, not medians)",full (median-basis era),"Damodaran/NYU Stern, countrystats.xls",ok,"Added 2026-08-28, implemented 2026-08-29. Median basis: Damodaran switched this file from 'Average of <metric>' to 'Median <metric>' in the 2020 vintage, and the means run 3-10x higher (Germany trailing P/E 171.3 in 2013 vs 15.9 in 2024). Only median-basis vintages are read, so history starts 2020 even though archives exist back to 2012 — splicing the two would put a methodology break mid-series. Archive depth CONFIRMED: countrystats<YY>.xls exists for 2012-2024; the undated current file is the most recent completed year. Header row moves between vintages (row 0, 1, 7 or 8) so it is scanned for, not assumed.",yes,annual,2020-12-31,2025-12-31,6,"fresh (269d old, limit 730d)",—,2026-09-26
Valuation,DE,valuation.DE.ev_ebitda,"DE median enterprise value / EBITDA, aggregated across listed companies by country (NOT cyclically adjusted — not comparable to US CAPE)",ratio (x),annual,"xls (legacy .xls, needs xlrd)","2020→ (median-basis vintages only; 2012-2019 archives exist but publish means, not medians)",full (median-basis era),"Damodaran/NYU Stern, countrystats.xls",ok,"Added 2026-08-28, implemented 2026-08-29. Median basis: Damodaran switched this file from 'Average of <metric>' to 'Median <metric>' in the 2020 vintage, and the means run 3-10x higher (Germany trailing P/E 171.3 in 2013 vs 15.9 in 2024). Only median-basis vintages are read, so history starts 2020 even though archives exist back to 2012 — splicing the two would put a methodology break mid-series. Archive depth CONFIRMED: countrystats<YY>.xls exists for 2012-2024; the undated current file is the most recent completed year. Header row moves between vintages (row 0, 1, 7 or 8) so it is scanned for, not assumed.",yes,annual,2020-12-31,2025-12-31,6,"fresh (269d old, limit 730d)",—,2026-09-26
Valuation,CH,valuation.CH.pe,"CH median trailing price / earnings, aggregated across listed companies by country (NOT cyclically adjusted — not comparable to US CAPE)",ratio (x),annual,"xls (legacy .xls, needs xlrd)","2020→ (median-basis vintages only; 2012-2019 archives exist but publish means, not medians)",full (median-basis era),"Damodaran/NYU Stern, countrystats.xls",ok,"Added 2026-08-28, implemented 2026-08-29. Median basis: Damodaran switched this file from 'Average of <metric>' to 'Median <metric>' in the 2020 vintage, and the means run 3-10x higher (Germany trailing P/E 171.3 in 2013 vs 15.9 in 2024). Only median-basis vintages are read, so history starts 2020 even though archives exist back to 2012 — splicing the two would put a methodology break mid-series. Archive depth CONFIRMED: countrystats<YY>.xls exists for 2012-2024; the undated current file is the most recent completed year. Header row moves between vintages (row 0, 1, 7 or 8) so it is scanned for, not assumed.",yes,annual,2020-12-31,2025-12-31,6,"fresh (269d old, limit 730d)",—,2026-09-26
Valuation,CH,valuation.CH.pb,"CH median price / book value, aggregated across listed companies by country (NOT cyclically adjusted — not comparable to US CAPE)",ratio (x),annual,"xls (legacy .xls, needs xlrd)","2020→ (median-basis vintages only; 2012-2019 archives exist but publish means, not medians)",full (median-basis era),"Damodaran/NYU Stern, countrystats.xls",ok,"Added 2026-08-28, implemented 2026-08-29. Median basis: Damodaran switched this file from 'Average of <metric>' to 'Median <metric>' in the 2020 vintage, and the means run 3-10x higher (Germany trailing P/E 171.3 in 2013 vs 15.9 in 2024). Only median-basis vintages are read, so history starts 2020 even though archives exist back to 2012 — splicing the two would put a methodology break mid-series. Archive depth CONFIRMED: countrystats<YY>.xls exists for 2012-2024; the undated current file is the most recent completed year. Header row moves between vintages (row 0, 1, 7 or 8) so it is scanned for, not assumed.",yes,annual,2020-12-31,2025-12-31,6,"fresh (269d old, limit 730d)",—,2026-09-26
Valuation,CH,valuation.CH.ps,"CH median price / sales, aggregated across listed companies by country (NOT cyclically adjusted — not comparable to US CAPE)",ratio (x),annual,"xls (legacy .xls, needs xlrd)","2020→ (median-basis vintages only; 2012-2019 archives exist but publish means, not medians)",full (median-basis era),"Damodaran/NYU Stern, countrystats.xls",ok,"Added 2026-08-28, implemented 2026-08-29. Median basis: Damodaran switched this file from 'Average of <metric>' to 'Median <metric>' in the 2020 vintage, and the means run 3-10x higher (Germany trailing P/E 171.3 in 2013 vs 15.9 in 2024). Only median-basis vintages are read, so history starts 2020 even though archives exist back to 2012 — splicing the two would put a methodology break mid-series. Archive depth CONFIRMED: countrystats<YY>.xls exists for 2012-2024; the undated current file is the most recent completed year. Header row moves between vintages (row 0, 1, 7 or 8) so it is scanned for, not assumed.",yes,annual,2020-12-31,2025-12-31,6,"fresh (269d old, limit 730d)",—,2026-09-26
Valuation,CH,valuation.CH.ev_ebitda,"CH median enterprise value / EBITDA, aggregated across listed companies by country (NOT cyclically adjusted — not comparable to US CAPE)",ratio (x),annual,"xls (legacy .xls, needs xlrd)","2020→ (median-basis vintages only; 2012-2019 archives exist but publish means, not medians)",full (median-basis era),"Damodaran/NYU Stern, countrystats.xls",ok,"Added 2026-08-28, implemented 2026-08-29. Median basis: Damodaran switched this file from 'Average of <metric>' to 'Median <metric>' in the 2020 vintage, and the means run 3-10x higher (Germany trailing P/E 171.3 in 2013 vs 15.9 in 2024). Only median-basis vintages are read, so history starts 2020 even though archives exist back to 2012 — splicing the two would put a methodology break mid-series. Archive depth CONFIRMED: countrystats<YY>.xls exists for 2012-2024; the undated current file is the most recent completed year. Header row moves between vintages (row 0, 1, 7 or 8) so it is scanned for, not assumed.",yes,annual,2020-12-31,2025-12-31,6,"fresh (269d old, limit 730d)",—,2026-09-26
Valuation,CN,valuation.CN.pe,"CN median trailing price / earnings, aggregated across listed companies by country (NOT cyclically adjusted — not comparable to US CAPE)",ratio (x),annual,"xls (legacy .xls, needs xlrd)","2020→ (median-basis vintages only; 2012-2019 archives exist but publish means, not medians)",full (median-basis era),"Damodaran/NYU Stern, countrystats.xls",ok,"Added 2026-08-28, implemented 2026-08-29. Median basis: Damodaran switched this file from 'Average of <metric>' to 'Median <metric>' in the 2020 vintage, and the means run 3-10x higher (Germany trailing P/E 171.3 in 2013 vs 15.9 in 2024). Only median-basis vintages are read, so history starts 2020 even though archives exist back to 2012 — splicing the two would put a methodology break mid-series. Archive depth CONFIRMED: countrystats<YY>.xls exists for 2012-2024; the undated current file is the most recent completed year. Header row moves between vintages (row 0, 1, 7 or 8) so it is scanned for, not assumed.",yes,annual,2020-12-31,2025-12-31,6,"fresh (269d old, limit 730d)",—,2026-09-26
Valuation,CN,valuation.CN.pb,"CN median price / book value, aggregated across listed companies by country (NOT cyclically adjusted — not comparable to US CAPE)",ratio (x),annual,"xls (legacy .xls, needs xlrd)","2020→ (median-basis vintages only; 2012-2019 archives exist but publish means, not medians)",full (median-basis era),"Damodaran/NYU Stern, countrystats.xls",ok,"Added 2026-08-28, implemented 2026-08-29. Median basis: Damodaran switched this file from 'Average of <metric>' to 'Median <metric>' in the 2020 vintage, and the means run 3-10x higher (Germany trailing P/E 171.3 in 2013 vs 15.9 in 2024). Only median-basis vintages are read, so history starts 2020 even though archives exist back to 2012 — splicing the two would put a methodology break mid-series. Archive depth CONFIRMED: countrystats<YY>.xls exists for 2012-2024; the undated current file is the most recent completed year. Header row moves between vintages (row 0, 1, 7 or 8) so it is scanned for, not assumed.",yes,annual,2020-12-31,2025-12-31,6,"fresh (269d old, limit 730d)",—,2026-09-26
Valuation,CN,valuation.CN.ps,"CN median price / sales, aggregated across listed companies by country (NOT cyclically adjusted — not comparable to US CAPE)",ratio (x),annual,"xls (legacy .xls, needs xlrd)","2020→ (median-basis vintages only; 2012-2019 archives exist but publish means, not medians)",full (median-basis era),"Damodaran/NYU Stern, countrystats.xls",ok,"Added 2026-08-28, implemented 2026-08-29. Median basis: Damodaran switched this file from 'Average of <metric>' to 'Median <metric>' in the 2020 vintage, and the means run 3-10x higher (Germany trailing P/E 171.3 in 2013 vs 15.9 in 2024). Only median-basis vintages are read, so history starts 2020 even though archives exist back to 2012 — splicing the two would put a methodology break mid-series. Archive depth CONFIRMED: countrystats<YY>.xls exists for 2012-2024; the undated current file is the most recent completed year. Header row moves between vintages (row 0, 1, 7 or 8) so it is scanned for, not assumed.",yes,annual,2020-12-31,2025-12-31,6,"fresh (269d old, limit 730d)",—,2026-09-26
Valuation,CN,valuation.CN.ev_ebitda,"CN median enterprise value / EBITDA, aggregated across listed companies by country (NOT cyclically adjusted — not comparable to US CAPE)",ratio (x),annual,"xls (legacy .xls, needs xlrd)","2020→ (median-basis vintages only; 2012-2019 archives exist but publish means, not medians)",full (median-basis era),"Damodaran/NYU Stern, countrystats.xls",ok,"Added 2026-08-28, implemented 2026-08-29. Median basis: Damodaran switched this file from 'Average of <metric>' to 'Median <metric>' in the 2020 vintage, and the means run 3-10x higher (Germany trailing P/E 171.3 in 2013 vs 15.9 in 2024). Only median-basis vintages are read, so history starts 2020 even though archives exist back to 2012 — splicing the two would put a methodology break mid-series. Archive depth CONFIRMED: countrystats<YY>.xls exists for 2012-2024; the undated current file is the most recent completed year. Header row moves between vintages (row 0, 1, 7 or 8) so it is scanned for, not assumed.",yes,annual,2020-12-31,2025-12-31,6,"fresh (269d old, limit 730d)",—,2026-09-26
Valuation,JP,valuation.JP.pe,"JP median trailing price / earnings, aggregated across listed companies by country (NOT cyclically adjusted — not comparable to US CAPE)",ratio (x),annual,"xls (legacy .xls, needs xlrd)","2020→ (median-basis vintages only; 2012-2019 archives exist but publish means, not medians)",full (median-basis era),"Damodaran/NYU Stern, countrystats.xls",ok,"Added 2026-08-28, implemented 2026-08-29. Median basis: Damodaran switched this file from 'Average of <metric>' to 'Median <metric>' in the 2020 vintage, and the means run 3-10x higher (Germany trailing P/E 171.3 in 2013 vs 15.9 in 2024). Only median-basis vintages are read, so history starts 2020 even though archives exist back to 2012 — splicing the two would put a methodology break mid-series. Archive depth CONFIRMED: countrystats<YY>.xls exists for 2012-2024; the undated current file is the most recent completed year. Header row moves between vintages (row 0, 1, 7 or 8) so it is scanned for, not assumed.",yes,annual,2020-12-31,2025-12-31,6,"fresh (269d old, limit 730d)",—,2026-09-26
Valuation,JP,valuation.JP.pb,"JP median price / book value, aggregated across listed companies by country (NOT cyclically adjusted — not comparable to US CAPE)",ratio (x),annual,"xls (legacy .xls, needs xlrd)","2020→ (median-basis vintages only; 2012-2019 archives exist but publish means, not medians)",full (median-basis era),"Damodaran/NYU Stern, countrystats.xls",ok,"Added 2026-08-28, implemented 2026-08-29. Median basis: Damodaran switched this file from 'Average of <metric>' to 'Median <metric>' in the 2020 vintage, and the means run 3-10x higher (Germany trailing P/E 171.3 in 2013 vs 15.9 in 2024). Only median-basis vintages are read, so history starts 2020 even though archives exist back to 2012 — splicing the two would put a methodology break mid-series. Archive depth CONFIRMED: countrystats<YY>.xls exists for 2012-2024; the undated current file is the most recent completed year. Header row moves between vintages (row 0, 1, 7 or 8) so it is scanned for, not assumed.",yes,annual,2020-12-31,2025-12-31,6,"fresh (269d old, limit 730d)",—,2026-09-26
Valuation,JP,valuation.JP.ps,"JP median price / sales, aggregated across listed companies by country (NOT cyclically adjusted — not comparable to US CAPE)",ratio (x),annual,"xls (legacy .xls, needs xlrd)","2020→ (median-basis vintages only; 2012-2019 archives exist but publish means, not medians)",full (median-basis era),"Damodaran/NYU Stern, countrystats.xls",ok,"Added 2026-08-28, implemented 2026-08-29. Median basis: Damodaran switched this file from 'Average of <metric>' to 'Median <metric>' in the 2020 vintage, and the means run 3-10x higher (Germany trailing P/E 171.3 in 2013 vs 15.9 in 2024). Only median-basis vintages are read, so history starts 2020 even though archives exist back to 2012 — splicing the two would put a methodology break mid-series. Archive depth CONFIRMED: countrystats<YY>.xls exists for 2012-2024; the undated current file is the most recent completed year. Header row moves between vintages (row 0, 1, 7 or 8) so it is scanned for, not assumed.",yes,annual,2020-12-31,2025-12-31,6,"fresh (269d old, limit 730d)",—,2026-09-26
Valuation,JP,valuation.JP.ev_ebitda,"JP median enterprise value / EBITDA, aggregated across listed companies by country (NOT cyclically adjusted — not comparable to US CAPE)",ratio (x),annual,"xls (legacy .xls, needs xlrd)","2020→ (median-basis vintages only; 2012-2019 archives exist but publish means, not medians)",full (median-basis era),"Damodaran/NYU Stern, countrystats.xls",ok,"Added 2026-08-28, implemented 2026-08-29. Median basis: Damodaran switched this file from 'Average of <metric>' to 'Median <metric>' in the 2020 vintage, and the means run 3-10x higher (Germany trailing P/E 171.3 in 2013 vs 15.9 in 2024). Only median-basis vintages are read, so history starts 2020 even though archives exist back to 2012 — splicing the two would put a methodology break mid-series. Archive depth CONFIRMED: countrystats<YY>.xls exists for 2012-2024; the undated current file is the most recent completed year. Header row moves between vintages (row 0, 1, 7 or 8) so it is scanned for, not assumed.",yes,annual,2020-12-31,2025-12-31,6,"fresh (269d old, limit 730d)",—,2026-09-26
Valuation,NO,valuation.NO.pe,"NO median trailing price / earnings, aggregated across listed companies by country (NOT cyclically adjusted — not comparable to US CAPE)",ratio (x),annual,"xls (legacy .xls, needs xlrd)","2020→ (median-basis vintages only; 2012-2019 archives exist but publish means, not medians)",full (median-basis era),"Damodaran/NYU Stern, countrystats.xls",ok,"Added 2026-08-28, implemented 2026-08-29. Median basis: Damodaran switched this file from 'Average of <metric>' to 'Median <metric>' in the 2020 vintage, and the means run 3-10x higher (Germany trailing P/E 171.3 in 2013 vs 15.9 in 2024). Only median-basis vintages are read, so history starts 2020 even though archives exist back to 2012 — splicing the two would put a methodology break mid-series. Archive depth CONFIRMED: countrystats<YY>.xls exists for 2012-2024; the undated current file is the most recent completed year. Header row moves between vintages (row 0, 1, 7 or 8) so it is scanned for, not assumed.",yes,annual,2020-12-31,2025-12-31,6,"fresh (269d old, limit 730d)",—,2026-09-26
Valuation,NO,valuation.NO.pb,"NO median price / book value, aggregated across listed companies by country (NOT cyclically adjusted — not comparable to US CAPE)",ratio (x),annual,"xls (legacy .xls, needs xlrd)","2020→ (median-basis vintages only; 2012-2019 archives exist but publish means, not medians)",full (median-basis era),"Damodaran/NYU Stern, countrystats.xls",ok,"Added 2026-08-28, implemented 2026-08-29. Median basis: Damodaran switched this file from 'Average of <metric>' to 'Median <metric>' in the 2020 vintage, and the means run 3-10x higher (Germany trailing P/E 171.3 in 2013 vs 15.9 in 2024). Only median-basis vintages are read, so history starts 2020 even though archives exist back to 2012 — splicing the two would put a methodology break mid-series. Archive depth CONFIRMED: countrystats<YY>.xls exists for 2012-2024; the undated current file is the most recent completed year. Header row moves between vintages (row 0, 1, 7 or 8) so it is scanned for, not assumed.",yes,annual,2020-12-31,2025-12-31,6,"fresh (269d old, limit 730d)",—,2026-09-26
Valuation,NO,valuation.NO.ps,"NO median price / sales, aggregated across listed companies by country (NOT cyclically adjusted — not comparable to US CAPE)",ratio (x),annual,"xls (legacy .xls, needs xlrd)","2020→ (median-basis vintages only; 2012-2019 archives exist but publish means, not medians)",full (median-basis era),"Damodaran/NYU Stern, countrystats.xls",ok,"Added 2026-08-28, implemented 2026-08-29. Median basis: Damodaran switched this file from 'Average of <metric>' to 'Median <metric>' in the 2020 vintage, and the means run 3-10x higher (Germany trailing P/E 171.3 in 2013 vs 15.9 in 2024). Only median-basis vintages are read, so history starts 2020 even though archives exist back to 2012 — splicing the two would put a methodology break mid-series. Archive depth CONFIRMED: countrystats<YY>.xls exists for 2012-2024; the undated current file is the most recent completed year. Header row moves between vintages (row 0, 1, 7 or 8) so it is scanned for, not assumed.",yes,annual,2020-12-31,2025-12-31,6,"fresh (269d old, limit 730d)",—,2026-09-26
Valuation,NO,valuation.NO.ev_ebitda,"NO median enterprise value / EBITDA, aggregated across listed companies by country (NOT cyclically adjusted — not comparable to US CAPE)",ratio (x),annual,"xls (legacy .xls, needs xlrd)","2020→ (median-basis vintages only; 2012-2019 archives exist but publish means, not medians)",full (median-basis era),"Damodaran/NYU Stern, countrystats.xls",ok,"Added 2026-08-28, implemented 2026-08-29. Median basis: Damodaran switched this file from 'Average of <metric>' to 'Median <metric>' in the 2020 vintage, and the means run 3-10x higher (Germany trailing P/E 171.3 in 2013 vs 15.9 in 2024). Only median-basis vintages are read, so history starts 2020 even though archives exist back to 2012 — splicing the two would put a methodology break mid-series. Archive depth CONFIRMED: countrystats<YY>.xls exists for 2012-2024; the undated current file is the most recent completed year. Header row moves between vintages (row 0, 1, 7 or 8) so it is scanned for, not assumed.",yes,annual,2020-12-31,2025-12-31,6,"fresh (269d old, limit 730d)",—,2026-09-26
Valuation,EZ,valuation.EZ,Eurozone trailing multiples (bloc-level),ratio (x),—,—,,,none — Damodaran has no single Eurozone line,descoped,"Damodaran's countrystats.xls has member countries only, no 'Eurozone' aggregate — decided 2026-08-28 to leave this blank rather than substitute Germany's figure for it, same principle as not substituting the Bundesbank curve for the ECB's blended one. Germany's own row above is unaffected and real.",no,—,—,—,—,—,—,2026-09-26
Equity risk premium,UK,erp.UK,UK country risk premium (Damodaran rating-based method — NOT the earnings-yield-implied construct used for erp.US; zero for Aaa sovereigns by construction),%,annual,xls (2000-2017) / xlsx (2018-),back to 2000 (year-stamped archives confirmed 2000-2024; UK is absent from the 2005 file — a real source hole),full,"Damodaran/NYU Stern, ctryprem.xlsx",ok,"Added 2026-08-28, implemented 2026-08-29. Stores the rating-based COUNTRY RISK PREMIUM — the spread over a mature market, not a total ERP — so it is 0.00 in every year for the Aaa sovereigns (DE, CH, NO) and is NOT comparable to erp.US, which is the earnings-yield-implied FCFE construct. db/export.py adds the mature-market base (erp.US) back on for display, reproducing Damodaran's own 'Total Equity Risk Premium' column: UK 4.23 + 0.776 = 5.006, which matches the file exactly. Both legs are Damodaran at the same annual vintage. Archive depth CONFIRMED: ctryprem<YY>.xls[x] for 2000-2024. Sheet name moves ('Sheet1' 2000, 'Country premiums' 2001-2011, 'ERPs by country' 2012-now) and the header row sits as deep as row 20, so both are scanned for. Country names carry footnote markers ('Germany [1]') in the 2008-2011 files and are normalised before matching. Values are fractions in every vintage.",yes,annual,2000-12-31,2025-12-31,25,"fresh (269d old, limit 730d)",—,2026-09-26
Equity risk premium,DE,erp.DE,DE country risk premium (Damodaran rating-based method — NOT the earnings-yield-implied construct used for erp.US; zero for Aaa sovereigns by construction),%,annual,xls (2000-2017) / xlsx (2018-),back to 2000 (year-stamped archives confirmed 2000-2024; UK is absent from the 2005 file — a real source hole),full,"Damodaran/NYU Stern, ctryprem.xlsx",ok,"Added 2026-08-28, implemented 2026-08-29. Stores the rating-based COUNTRY RISK PREMIUM — the spread over a mature market, not a total ERP — so it is 0.00 in every year for the Aaa sovereigns (DE, CH, NO) and is NOT comparable to erp.US, which is the earnings-yield-implied FCFE construct. db/export.py adds the mature-market base (erp.US) back on for display, reproducing Damodaran's own 'Total Equity Risk Premium' column: UK 4.23 + 0.776 = 5.006, which matches the file exactly. Both legs are Damodaran at the same annual vintage. Archive depth CONFIRMED: ctryprem<YY>.xls[x] for 2000-2024. Sheet name moves ('Sheet1' 2000, 'Country premiums' 2001-2011, 'ERPs by country' 2012-now) and the header row sits as deep as row 20, so both are scanned for. Country names carry footnote markers ('Germany [1]') in the 2008-2011 files and are normalised before matching. Values are fractions in every vintage.",yes,annual,2000-12-31,2025-12-31,26,"fresh (269d old, limit 730d)",—,2026-09-26
Equity risk premium,CH,erp.CH,CH country risk premium (Damodaran rating-based method — NOT the earnings-yield-implied construct used for erp.US; zero for Aaa sovereigns by construction),%,annual,xls (2000-2017) / xlsx (2018-),back to 2000 (year-stamped archives confirmed 2000-2024; UK is absent from the 2005 file — a real source hole),full,"Damodaran/NYU Stern, ctryprem.xlsx",ok,"Added 2026-08-28, implemented 2026-08-29. Stores the rating-based COUNTRY RISK PREMIUM — the spread over a mature market, not a total ERP — so it is 0.00 in every year for the Aaa sovereigns (DE, CH, NO) and is NOT comparable to erp.US, which is the earnings-yield-implied FCFE construct. db/export.py adds the mature-market base (erp.US) back on for display, reproducing Damodaran's own 'Total Equity Risk Premium' column: UK 4.23 + 0.776 = 5.006, which matches the file exactly. Both legs are Damodaran at the same annual vintage. Archive depth CONFIRMED: ctryprem<YY>.xls[x] for 2000-2024. Sheet name moves ('Sheet1' 2000, 'Country premiums' 2001-2011, 'ERPs by country' 2012-now) and the header row sits as deep as row 20, so both are scanned for. Country names carry footnote markers ('Germany [1]') in the 2008-2011 files and are normalised before matching. Values are fractions in every vintage.",yes,annual,2000-12-31,2025-12-31,26,"fresh (269d old, limit 730d)",—,2026-09-26
Equity risk premium,CN,erp.CN,CN country risk premium (Damodaran rating-based method — NOT the earnings-yield-implied construct used for erp.US; zero for Aaa sovereigns by construction),%,annual,xls (2000-2017) / xlsx (2018-),back to 2000 (year-stamped archives confirmed 2000-2024; UK is absent from the 2005 file — a real source hole),full,"Damodaran/NYU Stern, ctryprem.xlsx",ok,"Added 2026-08-28, implemented 2026-08-29. Stores the rating-based COUNTRY RISK PREMIUM — the spread over a mature market, not a total ERP — so it is 0.00 in every year for the Aaa sovereigns (DE, CH, NO) and is NOT comparable to erp.US, which is the earnings-yield-implied FCFE construct. db/export.py adds the mature-market base (erp.US) back on for display, reproducing Damodaran's own 'Total Equity Risk Premium' column: UK 4.23 + 0.776 = 5.006, which matches the file exactly. Both legs are Damodaran at the same annual vintage. Archive depth CONFIRMED: ctryprem<YY>.xls[x] for 2000-2024. Sheet name moves ('Sheet1' 2000, 'Country premiums' 2001-2011, 'ERPs by country' 2012-now) and the header row sits as deep as row 20, so both are scanned for. Country names carry footnote markers ('Germany [1]') in the 2008-2011 files and are normalised before matching. Values are fractions in every vintage.",yes,annual,2000-12-31,2025-12-31,26,"fresh (269d old, limit 730d)",—,2026-09-26
Equity risk premium,JP,erp.JP,JP country risk premium (Damodaran rating-based method — NOT the earnings-yield-implied construct used for erp.US; zero for Aaa sovereigns by construction),%,annual,xls (2000-2017) / xlsx (2018-),back to 2000 (year-stamped archives confirmed 2000-2024; UK is absent from the 2005 file — a real source hole),full,"Damodaran/NYU Stern, ctryprem.xlsx",ok,"Added 2026-08-28, implemented 2026-08-29. Stores the rating-based COUNTRY RISK PREMIUM — the spread over a mature market, not a total ERP — so it is 0.00 in every year for the Aaa sovereigns (DE, CH, NO) and is NOT comparable to erp.US, which is the earnings-yield-implied FCFE construct. db/export.py adds the mature-market base (erp.US) back on for display, reproducing Damodaran's own 'Total Equity Risk Premium' column: UK 4.23 + 0.776 = 5.006, which matches the file exactly. Both legs are Damodaran at the same annual vintage. Archive depth CONFIRMED: ctryprem<YY>.xls[x] for 2000-2024. Sheet name moves ('Sheet1' 2000, 'Country premiums' 2001-2011, 'ERPs by country' 2012-now) and the header row sits as deep as row 20, so both are scanned for. Country names carry footnote markers ('Germany [1]') in the 2008-2011 files and are normalised before matching. Values are fractions in every vintage.",yes,annual,2000-12-31,2025-12-31,26,"fresh (269d old, limit 730d)",—,2026-09-26
Equity risk premium,NO,erp.NO,NO country risk premium (Damodaran rating-based method — NOT the earnings-yield-implied construct used for erp.US; zero for Aaa sovereigns by construction),%,annual,xls (2000-2017) / xlsx (2018-),back to 2000 (year-stamped archives confirmed 2000-2024; UK is absent from the 2005 file — a real source hole),full,"Damodaran/NYU Stern, ctryprem.xlsx",ok,"Added 2026-08-28, implemented 2026-08-29. Stores the rating-based COUNTRY RISK PREMIUM — the spread over a mature market, not a total ERP — so it is 0.00 in every year for the Aaa sovereigns (DE, CH, NO) and is NOT comparable to erp.US, which is the earnings-yield-implied FCFE construct. db/export.py adds the mature-market base (erp.US) back on for display, reproducing Damodaran's own 'Total Equity Risk Premium' column: UK 4.23 + 0.776 = 5.006, which matches the file exactly. Both legs are Damodaran at the same annual vintage. Archive depth CONFIRMED: ctryprem<YY>.xls[x] for 2000-2024. Sheet name moves ('Sheet1' 2000, 'Country premiums' 2001-2011, 'ERPs by country' 2012-now) and the header row sits as deep as row 20, so both are scanned for. Country names carry footnote markers ('Germany [1]') in the 2008-2011 files and are normalised before matching. Values are fractions in every vintage.",yes,annual,2000-12-31,2025-12-31,26,"fresh (269d old, limit 730d)",—,2026-09-26
Equity risk premium,EZ,erp.EZ,Eurozone country risk premium (bloc-level),%,—,—,,,none — ctryprem.xlsx has no single Eurozone line,descoped,Same reasoning as Valuation/EZ above — ctryprem.xlsx has member countries only. Left blank rather than substituting Germany's figure. Germany's own row above is unaffected and real.,no,—,—,—,—,—,—,2026-09-26
Credit spread,US,credit.US.ig_oas,US investment-grade OAS (ICE BofA),bp,daily,CSV,~3y — ICE licensing cap on FRED's free tier; explicit cosd= back-dating has no effect,3y (source ceiling — not a pipeline choice),"FRED, BAMLC0A0CM",ok,Percentile context can only resolve the 'full' window given the 3y cap; 5y/10y will correctly stay hidden.,yes,weekly,2023-09-01,2026-09-24,165,"fresh (2d old, limit 14d)",—,2026-09-26
Credit spread,US,credit.US.hy_oas,US high-yield OAS (ICE BofA),bp,daily,CSV,~3y (same ICE cap),3y (source ceiling),"FRED, BAMLH0A0HYM2",ok,Same 3y cap as the IG series.,yes,weekly,2023-09-01,2026-09-24,165,"fresh (2d old, limit 14d)",—,2026-09-26
Credit spread,EZ,credit.EZ.hy_oas,Euro high-yield OAS (ICE BofA),bp,daily,CSV,not measured this pass — check same ~3y cap,3y (assume same cap until checked),"FRED, BAMLHE00EHYIOAS",ok,"Found 2026-08-28, contrary to the earlier assumption of US-only OAS. No free euro *investment-grade* OAS exists, so an EZ cost-of-capital stack would mix HY here with IG in the US row — flagged as a comparability risk, not wired blindly.",yes,weekly,2023-09-01,2026-09-24,165,"fresh (2d old, limit 14d)",—,2026-09-26
Credit spread,EM,credit.EM.corp_oas,EM corporate OAS (ICE BofA),bp,daily,CSV,not measured this pass,3y (assume same cap until checked),"FRED, BAMLEMCBPIOAS",ok,"Found 2026-08-28, same caveat as the Euro HY series.",yes,weekly,2023-09-01,2026-09-24,165,"fresh (2d old, limit 14d)",—,2026-09-26
Credit spread,US,credit.US.ig_yield,US investment grade corporate effective yield — corporate leg of the non-OAS spread,%,daily,CSV,~3y (same ICE licensing cap as the OAS series),3y (source ceiling),"FRED, BAMLC0A0CMEY",ok,"Added 2026-09-13 as a leg of the non-OAS corporate spread column. Option-adjusted spreads are not published free for any currency but the dollar — FRED release rid=209 was enumerated in full (192 series) and euro coverage is exactly four, all high yield, with no euro IG, no sterling, no yen. That is structural: the euro/sterling/yen IG benchmarks ARE the ICE, iBoxx and Bloomberg indices, and ICE licenses only its US series to FRED for free redistribution. What is free is the plainer measure — corporate yield minus government yield, NOT option-adjusted and NOT duration-matched — so it is a different quantity from an OAS and is reported in its own labelled column, never summed into the cost-of-capital total and never counted toward its coverage. Traps rejected explicitly: BAMLEMEBCRPIEOAS is EUR-denominated but EM issuers and BAMLEMIBHGCRPIOAS is IG-rated but EM issuers — neither is a euro area proxy; ECB MIR and BoE effective lending rates are bank loan rates to largely unrated borrowers, not bond spreads; ECB STEP is a real spread but at overnight-to-91-day maturities and was last updated 2026-05-12. This is the ICE BofA US Corporate index EFFECTIVE YIELD, not the OAS series. The US is computed on this basis as well as on OAS so the non-OAS column is internally consistent rather than a US OAS beside non-US approximations; on 2026-09-10 the two read 80bp (OAS) and 73bp (non-OAS). The government leg is the already-stored curve.US.10Y, reused rather than fetched twice, so the number subtracted here is the same one the table shows as risk-free.",yes,weekly,2023-09-15,2026-09-24,161,"fresh (2d old, limit 14d)",—,2026-09-26
Credit spread,DE,credit.DE.corp_yield,German corporate bond yield — corporate leg of the non-OAS spread,%,daily,CSV (9-line preamble),1979-01-02 onward,full,"Deutsche Bundesbank, BBSIS D.I.UMR.RD.EUR.X2000.B.A.A.R.A.A._Z._Z.A",ok,"Added 2026-09-13 as a leg of the non-OAS corporate spread column. Option-adjusted spreads are not published free for any currency but the dollar — FRED release rid=209 was enumerated in full (192 series) and euro coverage is exactly four, all high yield, with no euro IG, no sterling, no yen. That is structural: the euro/sterling/yen IG benchmarks ARE the ICE, iBoxx and Bloomberg indices, and ICE licenses only its US series to FRED for free redistribution. What is free is the plainer measure — corporate yield minus government yield, NOT option-adjusted and NOT duration-matched — so it is a different quantity from an OAS and is reported in its own labelled column, never summed into the cost-of-capital total and never counted toward its coverage. Traps rejected explicitly: BAMLEMEBCRPIEOAS is EUR-denominated but EM issuers and BAMLEMIBHGCRPIOAS is IG-rated but EM issuers — neither is a euro area proxy; ECB MIR and BoE effective lending rates are bank loan rates to largely unrated borrowers, not bond spreads; ECB STEP is a real spread but at overnight-to-91-day maturities and was last updated 2026-05-12. Note this daily corporate series is NOT listed on the Bundesbank web page; the API serves it anyway. Both legs of the German spread come from one publisher, computed the same way on the same universe of outstanding debt securities, at one vintage — so no cross-publisher methodology gap enters the spread. Sanity note carried over from the research: monthly Aug 4.06 against daily 10 Sep 4.38 is a large one-month move that was never reconciled; watch it.",yes,weekly,1979-01-05,2026-09-24,"2,493","fresh (2d old, limit 14d)",—,2026-09-26
Credit spread,DE,credit.DE.govt_yield,German government bond yield — government leg of the non-OAS spread,%,daily,CSV (9-line preamble),1978-01-06 onward,full,"Deutsche Bundesbank, BBSIS D.I.UMR.RD.EUR.S13.B.A.A.R.A.A._Z._Z.A",ok,"Added 2026-09-13 as a leg of the non-OAS corporate spread column. Option-adjusted spreads are not published free for any currency but the dollar — FRED release rid=209 was enumerated in full (192 series) and euro coverage is exactly four, all high yield, with no euro IG, no sterling, no yen. That is structural: the euro/sterling/yen IG benchmarks ARE the ICE, iBoxx and Bloomberg indices, and ICE licenses only its US series to FRED for free redistribution. What is free is the plainer measure — corporate yield minus government yield, NOT option-adjusted and NOT duration-matched — so it is a different quantity from an OAS and is reported in its own labelled column, never summed into the cost-of-capital total and never counted toward its coverage. Traps rejected explicitly: BAMLEMEBCRPIEOAS is EUR-denominated but EM issuers and BAMLEMIBHGCRPIOAS is IG-rated but EM issuers — neither is a euro area proxy; ECB MIR and BoE effective lending rates are bank loan rates to largely unrated borrowers, not bond spreads; ECB STEP is a real spread but at overnight-to-91-day maturities and was last updated 2026-05-12. The general-government counterpart to the corporate series, from the same dataflow. Deliberately NOT the Bund curve used in the yield-curve panel: a spread's two legs must come from one source and vintage, and mixing a Svensson-fitted curve point with an outstanding-securities yield would put that methodology gap straight into the spread.",yes,weekly,1978-01-06,2026-09-24,"2,541","fresh (2d old, limit 14d)",—,2026-09-26
Liquidity cycle,US,sloos.US.ci_large,"Fed Senior Loan Officer Survey — net % tightening C&I loan standards, large/medium firms",% net tightening,quarterly,CSV,1990→now (not capped),full,"FRED, DRTSCILM",descoped,Removed from the dashboard 2026-08-29 at Marco's request — a single-country lending panel that was not being used. The Fed's SLOOS was the only region with a keyless feed. Rows already stored stay in the database (it is append-only); the series is simply no longer fetched or displayed.,yes,,1990-04-01,2026-07-01,146,,—,2026-09-26
Cross-asset proxy,Global,bond_proxy.IEF,US Treasury 7-10y total-return proxy — correlation heatmap 'bonds' leg (medium duration),index points (ETF price),daily,yfinance object,full,full,"Yahoo Finance, IEF",ok,"No yield-curve equivalent exists in the pipeline today (yields, not tradeable returns) — this is the one genuinely new instrument V2 introduces. Decided 2026-08-28: carry both IEF and TLT rather than picking one duration — cheap to store, and duration materially changes the correlation story.",yes,weekly,2002-08-02,2026-09-25,"1,262","fresh (1d old, limit 14d)",—,2026-09-26
Cross-asset proxy,Global,bond_proxy.TLT,US Treasury 20y+ total-return proxy — correlation heatmap 'bonds' leg (long duration),index points (ETF price),daily,yfinance object,full,full,"Yahoo Finance, TLT",descoped,Dropped from the cross-asset set 2026-08-29: UST 20y+ moved with UST 7-10y closely enough that the pair added a row without adding information. Replaced by euro government bonds (bond_proxy.IEGA) so the bond leg is not US-only. Stored rows remain; no longer fetched.,yes,,2002-08-02,2026-08-28,"1,258",,—,2026-09-26
CPI,US,cpi.US.index,"US headline CPI, index level (same BIS response as cpi.US, unit_measure 628)",index level,monthly,CSV,1913-01 onward,full,"FRED, CPIAUCNS",ok,"SOURCE CHANGED 2026-09-13, off the single BIS dataflow onto this region's own statistics office. BIS releases WS_LONG_CPI once a month in the last week and dates each print to the first of the month it describes, so its newest observation runs 27-57 days old; going direct cuts that. Because the dashboard polls weekly the gain is in AVERAGE staleness, not just arrival lag. Prior rows were purged and reseeded (tools/purge_series.py): the index is on a different base, so appending would have spliced two bases into one series — the exact failure db/quality.check_basis_break guards. NOT one methodology across regions — HICP does not exist for the US, China or Japan — so each region stores its own headline national print and the payload carries an explicit basis. Basis: US CPI-U, all urban consumers, NOT seasonally adjusted, matching every other region here. FRED serves this as a LEVEL only — there is no published YoY series, and the '_PC1' graph suffix is silently ignored and returns the level under the base id — so the annual rate is derived at export from 12 monthly observations. That retired the cpi.US series id. T+11 against BIS's ~T+27. The 2025-10 gap is real: that release was never published, and FRED is missing it too.",yes,monthly,1913-01-01,2026-08-01,"1,363","fresh (56d old, limit 95d)",gap,2026-09-26
CPI,UK,cpi.UK.index,"UK headline CPI, index level (same BIS response as cpi.UK, unit_measure 628)",index level,monthly,JSON,1988-01 onward,full,"ONS, MM23/D7BT",ok,"SOURCE CHANGED 2026-09-13, off the single BIS dataflow onto this region's own statistics office. BIS releases WS_LONG_CPI once a month in the last week and dates each print to the first of the month it describes, so its newest observation runs 27-57 days old; going direct cuts that. Because the dashboard polls weekly the gain is in AVERAGE staleness, not just arrival lag. Prior rows were purged and reseeded (tools/purge_series.py): the index is on a different base, so appending would have spliced two bases into one series — the exact failure db/quality.check_basis_break guards. NOT one methodology across regions — HICP does not exist for the US, China or Japan — so each region stores its own headline national print and the payload carries an explicit basis. Basis: UK CPI index, 2015=100. Same response quirks as the D7G7 row.",yes,monthly,1988-01-01,2026-08-01,464,"fresh (56d old, limit 95d)",—,2026-09-26
CPI,EZ,cpi.EZ.index,"EZ headline CPI, index level (same BIS response as cpi.EZ, unit_measure 628)",index level,monthly,JSON-stat,1996-01 onward,full,"Eurostat, prc_hicp_minr (EA, I25)",ok,"SOURCE CHANGED 2026-09-13, off the single BIS dataflow onto this region's own statistics office. BIS releases WS_LONG_CPI once a month in the last week and dates each print to the first of the month it describes, so its newest observation runs 27-57 days old; going direct cuts that. Because the dashboard polls weekly the gain is in AVERAGE staleness, not just arrival lag. Prior rows were purged and reseeded (tools/purge_series.py): the index is on a different base, so appending would have spliced two bases into one series — the exact failure db/quality.check_basis_break guards. NOT one methodology across regions — HICP does not exist for the US, China or Japan — so each region stores its own headline national print and the payload carries an explicit basis. Basis: euro area HICP index. NOTE THE BASE CHANGED to 2025=100 (unit I25) with the ECOICOP ver.2 changeover; the old I15 unit is 2015=100. Same retired-dataflow story as the EZ rate row.",yes,monthly,1996-01-01,2026-08-01,368,"fresh (56d old, limit 95d)",—,2026-09-26
CPI,DE,cpi.DE.index,"DE headline CPI, index level (same BIS response as cpi.DE, unit_measure 628)",index level,monthly,JSON-stat,1996-01 onward,full,"Eurostat, prc_hicp_minr (DE, I25)",ok,"SOURCE CHANGED 2026-09-13, off the single BIS dataflow onto this region's own statistics office. BIS releases WS_LONG_CPI once a month in the last week and dates each print to the first of the month it describes, so its newest observation runs 27-57 days old; going direct cuts that. Because the dashboard polls weekly the gain is in AVERAGE staleness, not just arrival lag. Prior rows were purged and reseeded (tools/purge_series.py): the index is on a different base, so appending would have spliced two bases into one series — the exact failure db/quality.check_basis_break guards. NOT one methodology across regions — HICP does not exist for the US, China or Japan — so each region stores its own headline national print and the payload carries an explicit basis. Basis: German HICP index, 2025=100 — VPI to HICP, and the base changed with the ECOICOP ver.2 changeover.",yes,monthly,1996-01-01,2026-08-01,368,"fresh (56d old, limit 95d)",—,2026-09-26
CPI,CH,cpi.CH.index,"CH headline CPI, index level (same BIS response as cpi.CH, unit_measure 628)",index level,monthly,"CSV (semicolon, BOM)",1921-01 onward,full,SNB cube plkopr (LD2010100),ok,"SOURCE CHANGED 2026-09-13, off the single BIS dataflow onto this region's own statistics office. BIS releases WS_LONG_CPI once a month in the last week and dates each print to the first of the month it describes, so its newest observation runs 27-57 days old; going direct cuts that. Because the dashboard polls weekly the gain is in AVERAGE staleness, not just arrival lag. Prior rows were purged and reseeded (tools/purge_series.py): the index is on a different base, so appending would have spliced two bases into one series — the exact failure db/quality.check_basis_break guards. NOT one methodology across regions — HICP does not exist for the US, China or Japan — so each region stores its own headline national print and the payload carries an explicit basis. Basis: Swiss LIK index, December 2010 = 100.",yes,monthly,1921-01-01,2026-08-01,"1,268","fresh (56d old, limit 95d)",—,2026-09-26
CPI,CN,cpi.CN.index,"CN headline CPI, index level (same BIS response as cpi.CN, unit_measure 628)",index level,monthly,,,,"BIS WS_LONG_CPI, M.CN",ok,Added automatically by db/catalog_sync.py: the database stores this series but the reviewed catalog had no row for it.,yes,monthly,2001-09-01,2026-08-01,300,"fresh (56d old, limit 100d)",—,2026-09-26
CPI,JP,cpi.JP.index,"JP headline CPI, index level (same BIS response as cpi.JP, unit_measure 628)",index level,monthly,,,,"BIS WS_LONG_CPI, M.JP",ok,Added automatically by db/catalog_sync.py: the database stores this series but the reviewed catalog had no row for it.,yes,monthly,2001-09-01,2026-07-01,299,"fresh (87d old, limit 100d)",—,2026-09-26
CPI,NO,cpi.NO.index,"NO headline CPI, index level (same BIS response as cpi.NO, unit_measure 628)",index level,monthly,JSON-stat2 (POST),1920-03 onward,full,"SSB, table 14710",ok,"SOURCE CHANGED 2026-09-13, off the single BIS dataflow onto this region's own statistics office. BIS releases WS_LONG_CPI once a month in the last week and dates each print to the first of the month it describes, so its newest observation runs 27-57 days old; going direct cuts that. Because the dashboard polls weekly the gain is in AVERAGE staleness, not just arrival lag. Prior rows were purged and reseeded (tools/purge_series.py): the index is on a different base, so appending would have spliced two bases into one series — the exact failure db/quality.check_basis_break guards. NOT one methodology across regions — HICP does not exist for the US, China or Japan — so each region stores its own headline national print and the payload carries an explicit basis. Basis: Norwegian KPI, 2025=100. TABLE 14710, NOT 14702. 14702 is CPI by DELIVERY SECTOR and its 'consumer goods' aggregate is NOT the headline — measured 2026-09-13 it printed 7.7 against the headline's 6.5 in 2023M03 and -0.3 against 1.4 in 2020M06, so using it would have published the wrong number for Norway. 14710 is the headline index with no consumption-group dimension to pick wrongly, and 105 years of history — deeper than the BIS series it replaces. The old table 03013 is CLOSED at 2025M12. The v2-beta API host returns 503; the v1 host works, and PxWeb v1 data retrieval is POST-only. The default selection returns only the LATEST period, so Tid must be requested explicitly. Publishes the index only, so the annual rate is derived at export — that retired the cpi.NO series id.",yes,monthly,1920-03-01,2026-08-01,"1,278","fresh (56d old, limit 95d)",—,2026-09-26
Commodity,Global,commodity.wti,"Oil — WTI (NYMEX, WTI Light Sweet Crude, front month)",USD/bbl,weekly,,,,"Yahoo Finance, CL=F",ok,Added automatically by db/catalog_sync.py: the database stores this series but the reviewed catalog had no row for it.,yes,weekly,2000-08-25,2026-09-25,"1,363","fresh (1d old, limit 14d)",—,2026-09-26
Cross-asset proxy,Global,bond_proxy.IEGA,Euro govt bonds total-return proxy — correlation heatmap bond leg,index points (ETF price),weekly,,,,"Yahoo Finance, IEGA.AS",ok,Added automatically by db/catalog_sync.py: the database stores this series but the reviewed catalog had no row for it.,yes,weekly,2014-06-06,2026-09-24,647,"fresh (2d old, limit 14d)",—,2026-09-26
Equity index,UK,equity.UK.ftse_allshare,FTSE All-Share — daily close level,index points (GBP),weekly,,,,"Yahoo Finance, ^FTAS",ok,Added automatically by db/catalog_sync.py: the database stores this series but the reviewed catalog had no row for it.,yes,weekly,1980-02-15,2026-09-25,"2,433","fresh (1d old, limit 14d)",—,2026-09-26
Equity index,UK,equity.UK.ftse_aim,FTSE AIM All-Share — daily close level,index points (GBP),weekly,,,,"Yahoo Finance, ^FTAI",ok,Added automatically by db/catalog_sync.py: the database stores this series but the reviewed catalog had no row for it.,yes,weekly,1996-01-05,2026-09-25,"1,604","fresh (1d old, limit 14d)",—,2026-09-26
Equity index,DE,equity.DE.mdax,MDAX — daily close level,index points (EUR),weekly,,,,"Yahoo Finance, ^MDAXI",ok,Added automatically by db/catalog_sync.py: the database stores this series but the reviewed catalog had no row for it.,yes,weekly,1996-03-01,2026-09-25,"1,596","fresh (1d old, limit 14d)",—,2026-09-26
Equity index,CH,equity.CH.spi,Swiss All Share (SPI) — daily close level,index points (CHF),weekly,,,,"Yahoo Finance, ^SSHI",ok,Added automatically by db/catalog_sync.py: the database stores this series but the reviewed catalog had no row for it.,yes,weekly,2013-03-08,2026-09-25,708,"fresh (1d old, limit 14d)",—,2026-09-26
Currency,—,fx.usdhkd,USD/HKD — daily close,exchange rate (level),weekly,,,,"Yahoo Finance, USDHKD=X",ok,Added automatically by db/catalog_sync.py: the database stores this series but the reviewed catalog had no row for it.,yes,weekly,2001-07-20,2026-09-25,"1,281","fresh (1d old, limit 14d)",—,2026-09-26
Valuation,US,valuation.US.pe,"US median trailing P/E, aggregated by country (NOT cyclically adjusted -- not comparable to US CAPE)",ratio (x),annual,,,,"Damodaran/NYU Stern, countrystats.xls",ok,Added automatically by db/catalog_sync.py: the database stores this series but the reviewed catalog had no row for it.,yes,annual,2020-12-31,2025-12-31,6,"fresh (269d old, limit 730d)",—,2026-09-26
Valuation,US,valuation.US.pb,"US median price / book, aggregated by country (NOT cyclically adjusted -- not comparable to US CAPE)",ratio (x),annual,,,,"Damodaran/NYU Stern, countrystats.xls",ok,Added automatically by db/catalog_sync.py: the database stores this series but the reviewed catalog had no row for it.,yes,annual,2020-12-31,2025-12-31,6,"fresh (269d old, limit 730d)",—,2026-09-26
Valuation,US,valuation.US.ps,"US median price / sales, aggregated by country (NOT cyclically adjusted -- not comparable to US CAPE)",ratio (x),annual,,,,"Damodaran/NYU Stern, countrystats.xls",ok,Added automatically by db/catalog_sync.py: the database stores this series but the reviewed catalog had no row for it.,yes,annual,2020-12-31,2025-12-31,6,"fresh (269d old, limit 730d)",—,2026-09-26
Valuation,US,valuation.US.ev_ebitda,"US median EV / EBITDA, aggregated by country (NOT cyclically adjusted -- not comparable to US CAPE)",ratio (x),annual,,,,"Damodaran/NYU Stern, countrystats.xls",ok,Added automatically by db/catalog_sync.py: the database stores this series but the reviewed catalog had no row for it.,yes,annual,2020-12-31,2025-12-31,6,"fresh (269d old, limit 730d)",—,2026-09-26
Valuation,EZ,valuation.EZ.pe,"Europe cap-weighted aggregate trailing P/E (NOT a median like the country rows, and NOT cyclically adjusted)",ratio (x),annual,,,,"Damodaran/NYU Stern, peEurope.xls",ok,Added automatically by db/catalog_sync.py: the database stores this series but the reviewed catalog had no row for it.,yes,annual,2025-12-31,2025-12-31,1,"fresh (269d old, limit 730d)",—,2026-09-26
Valuation,EZ,valuation.EZ.pb,"Europe cap-weighted aggregate price / book (NOT a median like the country rows, and NOT cyclically adjusted)",ratio (x),annual,,,,"Damodaran/NYU Stern, pbvEurope.xls",ok,Added automatically by db/catalog_sync.py: the database stores this series but the reviewed catalog had no row for it.,yes,annual,2025-12-31,2025-12-31,1,"fresh (269d old, limit 730d)",—,2026-09-26
Valuation,EZ,valuation.EZ.ev_ebitda,"Europe cap-weighted aggregate EV / EBITDA (NOT a median like the country rows, and NOT cyclically adjusted)",ratio (x),annual,,,,"Damodaran/NYU Stern, vebitdaEurope.xls",ok,Added automatically by db/catalog_sync.py: the database stores this series but the reviewed catalog had no row for it.,yes,annual,2025-12-31,2025-12-31,1,"fresh (269d old, limit 730d)",—,2026-09-26
Credit spread,EZ,credit.EZ.ig_ytw,"iShares Core € Corp Bond UCITS ETF (IEAC) yield to worst — the corporate leg of euro investment grade, spread to government",%,weekly,,,,"iShares product screener, IEAC",ok,Added automatically by db/catalog_sync.py: the database stores this series but the reviewed catalog had no row for it.,yes,weekly,2026-09-18,2026-09-25,2,"fresh (1d old, limit 14d)",—,2026-09-26
Credit spread,EZ,credit.EZ.ig_duration,"iShares Core € Corp Bond UCITS ETF (IEAC) effective duration — the corporate leg of euro investment grade, spread to government",years,weekly,,,,"iShares product screener, IEAC",ok,Added automatically by db/catalog_sync.py: the database stores this series but the reviewed catalog had no row for it.,yes,weekly,2026-09-18,2026-09-25,2,"fresh (1d old, limit 14d)",—,2026-09-26
Yield curve,EZ,curve.EZ.aaa_4Y,"ECB euro area AAA government curve, 4y spot — a government leg of euro investment grade, spread to government",%,weekly,,,,"ECB, YC/B.U2.EUR.4F.G_N_A.SV_C_YM.SR_4Y",ok,Added automatically by db/catalog_sync.py: the database stores this series but the reviewed catalog had no row for it.,yes,weekly,2011-09-23,2026-09-24,784,"fresh (2d old, limit 14d)",—,2026-09-26
Yield curve,EZ,curve.EZ.aaa_5Y,"ECB euro area AAA government curve, 5y spot — a government leg of euro investment grade, spread to government",%,weekly,,,,"ECB, YC/B.U2.EUR.4F.G_N_A.SV_C_YM.SR_5Y",ok,Added automatically by db/catalog_sync.py: the database stores this series but the reviewed catalog had no row for it.,yes,weekly,2011-09-23,2026-09-24,784,"fresh (2d old, limit 14d)",—,2026-09-26
Credit spread,UK,credit.UK.ig_ytw,"iShares Core £ Corp Bond UCITS ETF (SLXX) yield to worst — the corporate leg of sterling investment grade, spread to government",%,weekly,,,,"iShares product screener, SLXX",ok,Added automatically by db/catalog_sync.py: the database stores this series but the reviewed catalog had no row for it.,yes,weekly,2026-09-18,2026-09-25,2,"fresh (1d old, limit 14d)",—,2026-09-26
Credit spread,UK,credit.UK.ig_duration,"iShares Core £ Corp Bond UCITS ETF (SLXX) effective duration — the corporate leg of sterling investment grade, spread to government",years,weekly,,,,"iShares product screener, SLXX",ok,Added automatically by db/catalog_sync.py: the database stores this series but the reviewed catalog had no row for it.,yes,weekly,2026-09-18,2026-09-25,2,"fresh (1d old, limit 14d)",—,2026-09-26
